fitnessCallNoOverall,fitnessCallNoByClusterGroup,dependentClusterGroup,searchStepName,iterationNumber,generationNumber,computedFitnessScore,computedInconsistenciesObjectiveScore,computedAestheticObjectiveScore
1,1,"[C8, C17, C7, C39, C15, C25]",initialization,1,1,895.5,895.0,0.0
2,2,"[C8, C17, C7, C39, C15, C25]",initialization,1,1,866.9801314756944,866.0,16.0
3,3,"[C8, C17, C7, C39, C15, C25]",initialization,1,1,895.5,895.0,0.0
4,4,"[C8, C17, C7, C39, C15, C25]",initialization,1,1,1015.998042840007,1015.0,162.63661429704695
5,5,"[C8, C17, C7, C39, C15, C25]",initialization,1,1,835.9990450732063,835.0,333.3333333333332
6,6,"[C8, C17, C7, C39, C15, C25]",initialization,1,1,895.9970540245315,895.0,108.04597701149424
7,7,"[C8, C17, C7, C39, C15, C25]",initialization,1,1,895.5,895.0,0.0
8,8,"[C8, C17, C7, C39, C15, C25]",initialization,1,1,895.5,895.0,0.0
9,9,"[C8, C17, C7, C39, C15, C25]",initialization,1,1,835.9990450732063,835.0,333.3333333333332
10,10,"[C8, C17, C7, C39, C15, C25]",initialization,1,1,895.5,895.0,0.0
11,11,"[C8, C17, C7, C39, C15, C25]",initialization,1,1,1.9100000999072377E7,1000000.0,343.14529177003556
12,12,"[C8, C17, C7, C39, C15, C25]",initialization,1,1,835.9990450732063,835.0,333.3333333333332
13,13,"[C8, C17, C7, C39, C15, C25]",initialization,1,1,1015.998042840007,1015.0,162.63661429704695
14,14,"[C8, C17, C7, C39, C15, C25]",initialization,1,1,895.9995504392583,895.0,708.0459770114942
15,15,"[C8, C17, C7, C39, C15, C25]",initialization,1,1,895.5,895.0,0.0
16,16,"[C8, C17, C7, C39, C15, C25]",initialization,1,1,1.910000099981132E7,1000000.0,1687.0579248780127
17,17,"[C8, C17, C7, C39, C15, C25]",initialization,1,1,895.9970540245315,895.0,108.04597701149424
18,18,"[C8, C17, C7, C39, C15, C25]",initialization,1,1,895.5,895.0,0.0
19,19,"[C8, C17, C7, C39, C15, C25]",initialization,1,1,4527.999751877013,4527.0,1282.871151836669
20,20,"[C8, C17, C7, C39, C15, C25]",initialization,1,1,895.9996891506006,895.0,1024.0
21,21,"[C8, C17, C7, C39, C15, C25]",initialization,1,1,835.9990450732063,835.0,333.3333333333332
22,22,"[C8, C17, C7, C39, C15, C25]",initialization,1,1,1.910000099852698E7,1000000.0,216.0919540229885
23,23,"[C8, C17, C7, C39, C15, C25]",initialization,1,1,866.9801314756944,866.0,16.0
24,24,"[C8, C17, C7, C39, C15, C25]",initialization,1,1,895.5,895.0,0.0
25,25,"[C8, C17, C7, C39, C15, C25]",initialization,1,1,958.9997108560281,958.0,1100.8695652173913
26,26,"[C8, C17, C7, C39, C15, C25]",initialization,1,1,835.9990450732063,835.0,333.3333333333332
27,27,"[C8, C17, C7, C39, C15, C25]",initialization,1,1,895.5,895.0,0.0
28,28,"[C8, C17, C7, C39, C15, C25]",initialization,1,1,895.5,895.0,0.0
29,29,"[C8, C17, C7, C39, C15, C25]",initialization,1,1,895.5,895.0,0.0
30,30,"[C8, C17, C7, C39, C15, C25]",initialization,1,1,924.9801314756944,924.0,16.0
31,31,"[C8, C17, C7, C39, C15, C25]",initialization,1,1,835.9990450732063,835.0,333.3333333333332
32,32,"[C8, C17, C7, C39, C15, C25]",initialization,1,1,866.9801314756944,866.0,16.0
33,33,"[C8, C17, C7, C39, C15, C25]",initialization,1,1,823.9989066412104,823.0,291.12916763039914
34,34,"[C8, C17, C7, C39, C15, C25]",initialization,1,1,895.5,895.0,0.0
35,35,"[C8, C17, C7, C39, C15, C25]",initialization,1,1,1.910000099982626E7,1000000.0,1832.101694915254
36,36,"[C8, C17, C7, C39, C15, C25]",initialization,1,1,895.9970645587114,895.0,108.43373493975903
37,37,"[C8, C17, C7, C39, C15, C25]",initialization,1,1,1.9100000999092236E7,1000000.0,350.6517261831266
38,38,"[C8, C17, C7, C39, C15, C25]",initialization,1,1,777.9991287159912,777.0,365.3333333333332
39,39,"[C8, C17, C7, C39, C15, C25]",initialization,1,1,895.9970540245315,895.0,108.04597701149424
40,40,"[C8, C17, C7, C39, C15, C25]",initialization,1,1,835.9994885442946,835.0,622.3600771987866
41,41,"[C8, C17, C7, C39, C15, C25]",initialization,1,1,895.5,895.0,0.0
42,42,"[C8, C17, C7, C39, C15, C25]",initialization,1,1,1.9100000999139182E7,1000000.0,369.77479057081626
43,43,"[C8, C17, C7, C39, C15, C25]",initialization,1,1,866.9801314756944,866.0,16.0
44,44,"[C8, C17, C7, C39, C15, C25]",initialization,1,1,895.5,895.0,0.0
45,45,"[C8, C17, C7, C39, C15, C25]",initialization,1,1,895.9998149410803,895.0,1720.0459770114942
46,46,"[C8, C17, C7, C39, C15, C25]",initialization,1,1,883.9930308243185,883.0,45.66666666666667
47,47,"[C8, C17, C7, C39, C15, C25]",initialization,1,1,1.910000099852698E7,1000000.0,216.0919540229885
48,48,"[C8, C17, C7, C39, C15, C25]",initialization,1,1,1.9100000999586113E7,1000000.0,769.0742077573278
49,49,"[C8, C17, C7, C39, C15, C25]",initialization,1,1,866.9801314756944,866.0,16.0
50,50,"[C8, C17, C7, C39, C15, C25]",initialization,1,1,895.9970540245315,895.0,108.04597701149424
51,51,"[C8, C17, C7, C39, C15, C25]",initialization,1,1,895.5,895.0,0.0
52,52,"[C8, C17, C7, C39, C15, C25]",initialization,1,1,895.9970540245315,895.0,108.04597701149424
53,53,"[C8, C17, C7, C39, C15, C25]",initialization,1,1,1015.998042840007,1015.0,162.63661429704695
54,54,"[C8, C17, C7, C39, C15, C25]",initialization,1,1,895.5,895.0,0.0
55,55,"[C8, C17, C7, C39, C15, C25]",initialization,1,1,895.997771867189,895.0,142.85714285714283
56,56,"[C8, C17, C7, C39, C15, C25]",initialization,1,1,895.9970540245315,895.0,108.04597701149424
57,57,"[C8, C17, C7, C39, C15, C25]",initialization,1,1,895.5,895.0,0.0
58,58,"[C8, C17, C7, C39, C15, C25]",initialization,1,1,895.5,895.0,0.0
59,59,"[C8, C17, C7, C39, C15, C25]",initialization,1,1,895.9995480390049,895.0,704.2857142857142
60,60,"[C8, C17, C7, C39, C15, C25]",initialization,1,1,1015.998042840007,1015.0,162.63661429704695
61,61,"[C8, C17, C7, C39, C15, C25]",initialization,1,1,895.5,895.0,0.0
62,62,"[C8, C17, C7, C39, C15, C25]",initialization,1,1,61456.999821183985,61456.0,1780.0970362642427
63,63,"[C8, C17, C7, C39, C15, C25]",initialization,1,1,895.5,895.0,0.0
64,64,"[C8, C17, C7, C39, C15, C25]",initialization,1,1,835.9990450732063,835.0,333.3333333333332
65,65,"[C8, C17, C7, C39, C15, C25]",initialization,1,1,895.5,895.0,0.0
66,66,"[C8, C17, C7, C39, C15, C25]",initialization,1,1,866.9801314756944,866.0,16.0
67,67,"[C8, C17, C7, C39, C15, C25]",initialization,1,1,1015.9989127209816,1015.0,292.75709622475773
68,68,"[C8, C17, C7, C39, C15, C25]",initialization,1,1,1.910000099933389E7,1000000.0,477.86297592760667
69,69,"[C8, C17, C7, C39, C15, C25]",initialization,1,1,895.5,895.0,0.0
70,70,"[C8, C17, C7, C39, C15, C25]",initialization,1,1,2150.9996635452017,2150.0,946.0699300699297
71,71,"[C8, C17, C7, C39, C15, C25]",initialization,1,1,895.5,895.0,0.0
72,72,"[C8, C17, C7, C39, C15, C25]",initialization,1,1,767.9990888100666,767.0,349.33333333333326
73,73,"[C8, C17, C7, C39, C15, C25]",initialization,1,1,796.9990450732063,796.0,333.33333333333326
74,74,"[C8, C17, C7, C39, C15, C25]",initialization,1,1,895.5,895.0,0.0
75,75,"[C8, C17, C7, C39, C15, C25]",initialization,1,1,132572.99949476385,132572.0,630.021443278134
76,76,"[C8, C17, C7, C39, C15, C25]",initialization,1,1,895.5,895.0,0.0
77,77,"[C8, C17, C7, C39, C15, C25]",initialization,1,1,1015.998042840007,1015.0,162.63661429704695
78,78,"[C8, C17, C7, C39, C15, C25]",initialization,1,1,866.9801314756944,866.0,16.0
79,79,"[C8, C17, C7, C39, C15, C25]",initialization,1,1,459.999629255838,459.0,858.5698032368435
80,80,"[C8, C17, C7, C39, C15, C25]",initialization,1,1,895.5,895.0,0.0
81,81,"[C8, C17, C7, C39, C15, C25]",initialization,1,1,866.9801314756944,866.0,16.0
82,82,"[C8, C17, C7, C39, C15, C25]",initialization,1,1,895.5,895.0,0.0
83,83,"[C8, C17, C7, C39, C15, C25]",initialization,1,1,895.9970540245315,895.0,108.04597701149424
84,84,"[C8, C17, C7, C39, C15, C25]",initialization,1,1,835.9990450732063,835.0,333.3333333333332
85,85,"[C8, C17, C7, C39, C15, C25]",initialization,1,1,895.5,895.0,0.0
86,86,"[C8, C17, C7, C39, C15, C25]",initialization,1,1,895.5,895.0,0.0
87,87,"[C8, C17, C7, C39, C15, C25]",initialization,1,1,866.9969084049104,866.0,102.95652173913044
88,88,"[C8, C17, C7, C39, C15, C25]",initialization,1,1,796.9993633810765,796.0,499.9999999999999
89,89,"[C8, C17, C7, C39, C15, C25]",initialization,1,1,1.9100000999017984E7,1000000.0,324.1379310344828
90,90,"[C8, C17, C7, C39, C15, C25]",initialization,1,1,1105.9996340261969,1105.0,869.7610134429663
91,91,"[C8, C17, C7, C39, C15, C25]",initialization,1,1,895.5,895.0,0.0
92,92,"[C8, C17, C7, C39, C15, C25]",initialization,1,1,895.5,895.0,0.0
93,93,"[C8, C17, C7, C39, C15, C25]",initialization,1,1,895.5,895.0,0.0
94,94,"[C8, C17, C7, C39, C15, C25]",initialization,1,1,984.9997834582689,984.0,1469.9699476303806
95,95,"[C8, C17, C7, C39, C15, C25]",initialization,1,1,459.9995361821081,459.0,686.2815481246222
96,96,"[C8, C17, C7, C39, C15, C25]",initialization,1,1,895.9970540245315,895.0,108.04597701149424
97,97,"[C8, C17, C7, C39, C15, C25]",initialization,1,1,866.9979962771831,866.0,158.85714285714283
98,98,"[C8, C17, C7, C39, C15, C25]",initialization,1,1,895.9970540245315,895.0,108.04597701149424
99,99,"[C8, C17, C7, C39, C15, C25]",initialization,1,1,895.5,895.0,0.0
100,100,"[C8, C17, C7, C39, C15, C25]",initialization,1,1,1075.998721948075,1075.0,249.05731092605396
101,101,"[C8, C17, C7, C39, C15, C25]",avm,1,1,459.9999086964512,459.0,3486.2815481246225
102,102,"[C8, C17, C7, C39, C15, C25]",avm,1,1,453.9999086964512,453.0,3486.2815481246225
103,103,"[C8, C17, C7, C39, C15, C25]",avm,1,1,441.9999086964512,441.0,3486.2815481246225
104,104,"[C8, C17, C7, C39, C15, C25]",avm,1,1,417.9999086964512,417.0,3486.2815481246225
105,105,"[C8, C17, C7, C39, C15, C25]",avm,1,1,369.9999086964512,369.0,3486.2815481246225
106,106,"[C8, C17, C7, C39, C15, C25]",avm,1,1,273.9999086964512,273.0,3486.2815481246225
107,107,"[C8, C17, C7, C39, C15, C25]",avm,1,1,81.9999086964512,81.0,3486.2815481246225
108,108,"[C8, C17, C7, C39, C15, C25]",avm,1,1,794.9999086964513,794.0,3486.2815481246225
109,109,"[C8, C17, C7, C39, C15, C25]",avm,1,1,87.9999086964512,87.0,3486.2815481246225
110,110,"[C8, C17, C7, C39, C15, C25]",avm,1,1,75.9999086964512,75.0,3486.2815481246225
111,111,"[C8, C17, C7, C39, C15, C25]",avm,1,1,63.9999086964512,63.0,3486.2815481246225
112,112,"[C8, C17, C7, C39, C15, C25]",avm,1,1,39.9999086964512,39.0,3486.2815481246225
113,113,"[C8, C17, C7, C39, C15, C25]",avm,1,1,0.9999086964512016,0.0,3486.2815481246225
114,114,"[C8, C17, C7, C39, C15, C25]",avm,1,1,150.9999086964512,150.0,3486.2815481246225
115,115,"[C8, C17, C7, C39, C15, C25]",avm,1,1,0.9999086964512016,0.0,3486.2815481246225
116,116,"[C8, C17, C7, C39, C15, C25]",avm,1,1,0.9999086964512016,0.0,3486.2815481246225
117,117,"[C8, C17, C7, C39, C15, C25]",avm,1,1,459.9999086964512,459.0,3486.2815481246225
118,118,"[C8, C17, C7, C39, C15, C25]",avm,1,1,459.9999086964512,459.0,3486.2815481246225
119,119,"[C8, C17, C7, C39, C15, C25]",avm,1,1,1.910000099956681E7,1000000.0,734.803076063022
120,120,"[C8, C17, C7, C39, C15, C25]",avm,1,1,447.9995668095303,447.0,734.803076063022
121,121,"[C8, C17, C7, C39, C15, C25]",avm,1,1,423.99961734541927,423.0,831.8461319398217
122,122,"[C8, C17, C7, C39, C15, C25]",avm,1,1,375.99968973605485,375.0,1025.9322436934215
123,123,"[C8, C17, C7, C39, C15, C25]",avm,1,1,279.99977490359413,279.0,1414.1044672006203
124,124,"[C8, C17, C7, C39, C15, C25]",avm,1,1,32469.999855013768,32469.0,2195.4489142150173
125,125,"[C8, C17, C7, C39, C15, C25]",avm,1,1,291.9997669055316,291.0,1365.5829392622206
126,126,"[C8, C17, C7, C39, C15, C25]",avm,1,1,267.99978237099737,267.0,1462.62599513902
127,127,"[C8, C17, C7, C39, C15, C25]",avm,1,1,243.9997959119325,243.0,1559.6690510158196
128,128,"[C8, C17, C7, C39, C15, C25]",avm,1,1,195.99981849812423,195.0,1753.7551627694188
129,129,"[C8, C17, C7, C39, C15, C25]",avm,1,1,32609.999851477594,32609.0,2143.177386276618
130,130,"[C8, C17, C7, C39, C15, C25]",avm,1,1,207.9998133335848,207.0,1705.233634831019
131,131,"[C8, C17, C7, C39, C15, C25]",avm,1,1,183.99982338458065,183.0,1802.2766907078187
132,132,"[C8, C17, C7, C39, C15, C25]",avm,1,1,159.99983240849397,159.0,1899.3197465846183
133,133,"[C8, C17, C7, C39, C15, C25]",avm,1,1,111.99984794641674,111.0,2093.405858338218
134,134,"[C8, C17, C7, C39, C15, C25]",avm,1,1,114611.99987420214,114611.0,2530.328081845417
135,135,"[C8, C17, C7, C39, C15, C25]",avm,1,1,123.99984433845178,123.0,2044.884330399818
136,136,"[C8, C17, C7, C39, C15, C25]",avm,1,1,32609.999851477594,32609.0,2143.177386276618
137,137,"[C8, C17, C7, C39, C15, C25]",avm,1,1,480.99967058278907,480.0,966.2815481246223
138,138,"[C8, C17, C7, C39, C15, C25]",avm,1,1,1.9100000999670584E7,1000000.0,966.2815481246223
139,139,"[C8, C17, C7, C39, C15, C25]",avm,1,1,1.910000099956706E7,1000000.0,735.232597075671
140,140,"[C8, C17, C7, C39, C15, C25]",avm,1,1,459.9995670625987,459.0,735.232597075671
141,141,"[C8, C17, C7, C39, C15, C25]",avm,1,1,459.99955038993033,459.0,707.968295112574
142,142,"[C8, C17, C7, C39, C15, C25]",avm,1,1,459.99955038993033,459.0,707.968295112574
143,143,"[C8, C17, C7, C39, C15, C25]",avm,1,1,459.9999086964512,459.0,3486.2815481246225
144,144,"[C8, C17, C7, C39, C15, C25]",avm,1,1,459.9999086964512,459.0,3486.2815481246225
145,145,"[C8, C17, C7, C39, C15, C25]",avm,1,1,459.99991365014466,459.0,3686.2815481246225
146,146,"[C8, C17, C7, C39, C15, C25]",avm,1,1,459.99991365014466,459.0,3686.2815481246225
147,147,"[C8, C17, C7, C39, C15, C25]",avm,1,1,459.99991365014466,459.0,3686.2815481246225
148,148,"[C8, C17, C7, C39, C15, C25]",avm,1,1,459.99991365014466,459.0,3686.2815481246225
149,149,"[C8, C17, C7, C39, C15, C25]",avm,1,1,1.9100000999549817E7,1000000.0,707.0673375234688
150,150,"[C8, C17, C7, C39, C15, C25]",avm,1,1,515.99954981703,515.0,707.0673375234688
151,151,"[C8, C17, C7, C39, C15, C25]",avm,1,1,459.99975253487656,459.0,1286.2815481246225
152,152,"[C8, C17, C7, C39, C15, C25]",avm,1,1,1.9100000999752536E7,1000000.0,1286.2815481246225
153,153,"[C8, C17, C7, C39, C15, C25]",avm,1,1,1.9100000999560148E7,1000000.0,723.6713786330968
154,154,"[C8, C17, C7, C39, C15, C25]",avm,1,1,459.99956014609256,459.0,723.6713786330968
155,155,"[C8, C17, C7, C39, C15, C25]",avm,1,1,459.99991365014466,459.0,3686.2815481246225
156,156,"[C8, C17, C7, C39, C15, C25]",avm,1,1,481.99991365014466,481.0,3686.2815481246225
157,157,"[C8, C17, C7, C39, C15, C25]",avm,1,1,459.99991365014466,459.0,3686.2815481246225
158,158,"[C8, C17, C7, C39, C15, C25]",avm,1,1,459.99991365014466,459.0,3686.2815481246225
159,159,"[C8, C17, C7, C39, C15, C25]",avm,1,1,459.9998112356449,459.0,1686.2815481246218
160,160,"[C8, C17, C7, C39, C15, C25]",avm,1,1,459.9998112356449,459.0,1686.2815481246218
161,161,"[C8, C17, C7, C39, C15, C25]",avm,1,1,459.9998112356449,459.0,1686.2815481246218
162,162,"[C8, C17, C7, C39, C15, C25]",avm,1,1,459.9998112356449,459.0,1686.2815481246218
163,163,"[C8, C17, C7, C39, C15, C25]",avm,1,1,1.9100000999554392E7,1000000.0,714.326524090459
164,164,"[C8, C17, C7, C39, C15, C25]",avm,1,1,459.9995543919097,459.0,714.326524090459
165,165,"[C8, C17, C7, C39, C15, C25]",avm,1,1,459.9996116350063,459.0,819.6148814579556
166,166,"[C8, C17, C7, C39, C15, C25]",avm,1,1,1.9100000999611635E7,1000000.0,819.6148814579556
167,167,"[C8, C17, C7, C39, C15, C25]",avm,1,1,1.910000099958834E7,1000000.0,773.2380698637526
168,168,"[C8, C17, C7, C39, C15, C25]",avm,1,1,459.9995883419077,459.0,773.2380698637526
169,169,"[C8, C17, C7, C39, C15, C25]",avm,1,1,459.9998112356449,459.0,1686.2815481246218
170,170,"[C8, C17, C7, C39, C15, C25]",avm,1,1,459.9998112356449,459.0,1686.2815481246218
171,171,"[C8, C17, C7, C39, C15, C25]",avm,1,1,459.9998112356449,459.0,1686.2815481246218
172,172,"[C8, C17, C7, C39, C15, C25]",avm,1,1,459.9998112356449,459.0,1686.2815481246218
173,173,"[C8, C17, C7, C39, C15, C25]",avm,1,1,459.9995467492035,459.0,702.2815481246222
174,174,"[C8, C17, C7, C39, C15, C25]",avm,1,1,459.9995467492035,459.0,702.2815481246222
175,175,"[C8, C17, C7, C39, C15, C25]",avm,1,1,459.9998112356449,459.0,1686.2815481246218
176,176,"[C8, C17, C7, C39, C15, C25]",avm,1,1,459.9998112356449,459.0,1686.2815481246218
177,177,"[C8, C17, C7, C39, C15, C25]",avm,1,1,1.9100000999565914E7,1000000.0,733.2853260961421
178,178,"[C8, C17, C7, C39, C15, C25]",avm,1,1,459.9995659129161,459.0,733.2853260961421
179,179,"[C8, C17, C7, C39, C15, C25]",avm,1,1,459.99962681234945,459.0,852.9482147912888
180,180,"[C8, C17, C7, C39, C15, C25]",avm,1,1,1.910000099962681E7,1000000.0,852.9482147912888
181,181,"[C8, C17, C7, C39, C15, C25]",avm,1,1,459.9994495157601,459.0,578.235571113128
182,182,"[C8, C17, C7, C39, C15, C25]",avm,1,1,1.910000099959927E7,1000000.0,794.3275251361164
183,183,"[C8, C17, C7, C39, C15, C25]",avm,1,1,1.9100000999536183E7,1000000.0,686.2815481246222
184,184,"[C8, C17, C7, C39, C15, C25]",avm,1,1,459.9995361821081,459.0,686.2815481246222
185,185,"[C8, C17, C7, C39, C15, C25]",avm,1,1,459.99977109353864,459.0,1390.5672624103368
186,186,"[C8, C17, C7, C39, C15, C25]",avm,1,1,459.99977109353864,459.0,1390.5672624103368
187,187,"[C8, C17, C7, C39, C15, C25]",avm,1,1,459.9998112356449,459.0,1686.281548124622
188,188,"[C8, C17, C7, C39, C15, C25]",avm,1,1,459.9998112356449,459.0,1686.281548124622
189,189,"[C8, C17, C7, C39, C15, C25]",avm,1,1,459.9998112356449,459.0,1686.281548124622
190,190,"[C8, C17, C7, C39, C15, C25]",avm,1,1,459.9998112356449,459.0,1686.281548124622
191,191,"[C8, C17, C7, C39, C15, C25]",avm,1,1,463.9998112356449,463.0,1686.281548124622
192,192,"[C8, C17, C7, C39, C15, C25]",avm,1,1,459.9998112356449,459.0,1686.281548124622
193,193,"[C8, C17, C7, C39, C15, C25]",avm,1,1,1.910000099957835E7,1000000.0,754.9106064786292
194,194,"[C8, C17, C7, C39, C15, C25]",avm,1,1,459.9995783478239,459.0,754.9106064786292
195,195,"[C8, C17, C7, C39, C15, C25]",avm,1,1,459.99962681234945,459.0,852.9482147912887
196,196,"[C8, C17, C7, C39, C15, C25]",avm,1,1,1.910000099962681E7,1000000.0,852.9482147912887
197,197,"[C8, C17, C7, C39, C15, C25]",avm,1,1,1.9100000999616098E7,1000000.0,829.138690981765
198,198,"[C8, C17, C7, C39, C15, C25]",avm,1,1,459.9996160959134,459.0,829.138690981765
199,199,"[C8, C17, C7, C39, C15, C25]",avm,1,1,459.9998112356449,459.0,1686.281548124622
200,200,"[C8, C17, C7, C39, C15, C25]",avm,1,1,459.9998112356449,459.0,1686.281548124622
201,201,"[C8, C17, C7, C39, C15, C25]",avm,1,1,459.9998112356449,459.0,1686.281548124622
202,202,"[C8, C17, C7, C39, C15, C25]",avm,1,1,459.9998112356449,459.0,1686.281548124622
203,203,"[C8, C17, C7, C39, C15, C25]",avm,1,1,459.999555401253,459.0,715.9482147912888
204,204,"[C8, C17, C7, C39, C15, C25]",avm,1,1,459.999555401253,459.0,715.9482147912888
205,205,"[C8, C17, C7, C39, C15, C25]",avm,1,1,487.99988971627744,487.0,2886.281548124622
206,206,"[C8, C17, C7, C39, C15, C25]",avm,1,1,459.99988971627744,459.0,2886.281548124622
207,207,"[C8, C17, C7, C39, C15, C25]",avm,1,1,459.9995011565666,459.0,638.0952505318616
208,208,"[C8, C17, C7, C39, C15, C25]",avm,1,1,459.99941241238207,459.0,541.7226553463403
209,209,"[C8, C17, C7, C39, C15, C25]",avm,1,1,575.9990878808894,575.0,348.9774649752976
210,210,"[C8, C17, C7, C39, C15, C25]",avm,1,1,459.99935504356347,459.0,493.53635775357964
211,211,"[C8, C17, C7, C39, C15, C25]",avm,1,1,459.99919854416856,459.0,397.1637625680582
212,212,"[C8, C17, C7, C39, C15, C25]",avm,1,1,843.9984428648354,843.0,204.4185721970156
213,213,"[C8, C17, C7, C39, C15, C25]",avm,1,1,575.9990878808894,575.0,348.9774649752976
214,214,"[C8, C17, C7, C39, C15, C25]",avm,1,1,459.9992852603386,459.0,445.35006016081894
215,215,"[C8, C17, C7, C39, C15, C25]",avm,1,1,459.9997087604032,459.0,1092.948214791289
216,216,"[C8, C17, C7, C39, C15, C25]",avm,1,1,1.910000099970876E7,1000000.0,1092.948214791289
217,217,"[C8, C17, C7, C39, C15, C25]",avm,1,1,1.910000099967363E7,1000000.0,975.3082919900752
218,218,"[C8, C17, C7, C39, C15, C25]",avm,1,1,459.99967363163296,459.0,975.3082919900752
219,219,"[C8, C17, C7, C39, C15, C25]",avm,1,1,459.9998815788676,459.0,2687.948214791289
220,220,"[C8, C17, C7, C39, C15, C25]",avm,1,1,459.9998815788676,459.0,2687.948214791289
221,221,"[C8, C17, C7, C39, C15, C25]",avm,1,1,459.9998125694472,459.0,1698.281548124622
222,222,"[C8, C17, C7, C39, C15, C25]",avm,1,1,459.9998125694472,459.0,1698.281548124622
223,223,"[C8, C17, C7, C39, C15, C25]",mutation,1,1,895.5,895.0,0.0
224,224,"[C8, C17, C7, C39, C15, C25]",mutation,1,1,895.9970540245315,895.0,108.04597701149424
225,225,"[C8, C17, C7, C39, C15, C25]",mutation,1,1,924.9801314756944,924.0,16.0
226,226,"[C8, C17, C7, C39, C15, C25]",mutation,1,1,835.9992172723494,835.0,406.66666666666663
227,227,"[C8, C17, C7, C39, C15, C25]",mutation,1,1,883.9997024215081,883.0,1069.6666666666667
228,228,"[C8, C17, C7, C39, C15, C25]",mutation,1,1,1.910000099852698E7,1000000.0,216.0919540229885
229,229,"[C8, C17, C7, C39, C15, C25]",mutation,1,1,895.9970540245315,895.0,108.04597701149424
230,230,"[C8, C17, C7, C39, C15, C25]",mutation,1,1,1.9100000999402635E7,1000000.0,532.8545433508988
231,231,"[C8, C17, C7, C39, C15, C25]",mutation,1,1,895.5,895.0,0.0
232,232,"[C8, C17, C7, C39, C15, C25]",mutation,1,1,1.9100000999139182E7,1000000.0,369.77479057081626
233,233,"[C8, C17, C7, C39, C15, C25]",mutation,1,1,895.9970540245315,895.0,108.04597701149424
234,234,"[C8, C17, C7, C39, C15, C25]",mutation,1,1,924.9801314756944,924.0,16.0
235,235,"[C8, C17, C7, C39, C15, C25]",mutation,1,1,1.9100000999820996E7,1000000.0,1778.2377622377624
236,236,"[C8, C17, C7, C39, C15, C25]",mutation,1,1,895.5,895.0,0.0
237,237,"[C8, C17, C7, C39, C15, C25]",mutation,1,1,895.5,895.0,0.0
238,238,"[C8, C17, C7, C39, C15, C25]",mutation,1,1,895.9970645587114,895.0,108.43373493975903
239,239,"[C8, C17, C7, C39, C15, C25]",mutation,1,1,1015.998042840007,1015.0,162.63661429704695
240,240,"[C8, C17, C7, C39, C15, C25]",mutation,1,1,895.9970540245315,895.0,108.04597701149424
241,241,"[C8, C17, C7, C39, C15, C25]",mutation,1,1,1.9100000999367315E7,1000000.0,503.1081239041497
242,242,"[C8, C17, C7, C39, C15, C25]",mutation,1,1,132572.99949476385,132572.0,630.021443278134
243,243,"[C8, C17, C7, C39, C15, C25]",mutation,1,1,1.9100000998924855E7,1000000.0,296.0610888975739
244,244,"[C8, C17, C7, C39, C15, C25]",mutation,1,1,2411.9996748693006,2411.0,979.0209790209793
245,245,"[C8, C17, C7, C39, C15, C25]",mutation,1,1,895.5,895.0,0.0
246,246,"[C8, C17, C7, C39, C15, C25]",mutation,1,1,1.9100000999687627E7,1000000.0,1019.0104995268349
247,247,"[C8, C17, C7, C39, C15, C25]",mutation,1,1,1.9100000999017984E7,1000000.0,324.1379310344828
248,248,"[C8, C17, C7, C39, C15, C25]",mutation,1,1,1.9100000999017984E7,1000000.0,324.1379310344828
249,249,"[C8, C17, C7, C39, C15, C25]",mutation,1,1,916.9991797127134,916.0,388.04597701149424
250,250,"[C8, C17, C7, C39, C15, C25]",mutation,1,1,895.5,895.0,0.0
251,251,"[C8, C17, C7, C39, C15, C25]",mutation,1,1,895.9970540245315,895.0,108.04597701149424
252,252,"[C8, C17, C7, C39, C15, C25]",mutation,1,1,866.9979962771831,866.0,158.85714285714283
253,253,"[C8, C17, C7, C39, C15, C25]",mutation,1,1,1.9100000999928415E7,1000000.0,4446.564786026324
254,254,"[C8, C17, C7, C39, C15, C25]",mutation,1,1,895.9970540245315,895.0,108.04597701149424
255,255,"[C8, C17, C7, C39, C15, C25]",mutation,1,1,796.9990450732063,796.0,333.33333333333326
256,256,"[C8, C17, C7, C39, C15, C25]",mutation,1,1,1060.9992042269423,1060.0,400.0
257,257,"[C8, C17, C7, C39, C15, C25]",mutation,1,1,1.910000099852698E7,1000000.0,216.0919540229885
258,258,"[C8, C17, C7, C39, C15, C25]",mutation,1,1,958.9997108560281,958.0,1100.8695652173913
259,259,"[C8, C17, C7, C39, C15, C25]",mutation,1,1,1.910000099956292E7,1000000.0,728.2633319114208
260,260,"[C8, C17, C7, C39, C15, C25]",mutation,1,1,1015.998042840007,1015.0,162.63661429704695
261,261,"[C8, C17, C7, C39, C15, C25]",mutation,1,1,866.9801314756944,866.0,16.0
262,262,"[C8, C17, C7, C39, C15, C25]",mutation,1,1,866.9997382320605,866.0,1216.0
263,263,"[C8, C17, C7, C39, C15, C25]",mutation,1,1,1.9100000999092236E7,1000000.0,350.6517261831266
264,264,"[C8, C17, C7, C39, C15, C25]",mutation,1,1,1.9100000998904336E7,1000000.0,290.5162334160285
265,265,"[C8, C17, C7, C39, C15, C25]",mutation,1,1,883.9930308243185,883.0,45.66666666666667
266,266,"[C8, C17, C7, C39, C15, C25]",mutation,1,1,866.9801314756944,866.0,16.0
267,267,"[C8, C17, C7, C39, C15, C25]",mutation,1,1,1015.998042840007,1015.0,162.63661429704695
268,268,"[C8, C17, C7, C39, C15, C25]",mutation,1,1,1.91000009998155E7,1000000.0,1725.2593201133839
269,269,"[C8, C17, C7, C39, C15, C25]",mutation,1,1,835.9990450732063,835.0,333.3333333333332
270,270,"[C8, C17, C7, C39, C15, C25]",mutation,1,1,895.9970540245315,895.0,108.04597701149424
271,271,"[C8, C17, C7, C39, C15, C25]",mutation,1,1,895.9970540245315,895.0,108.04597701149424
272,272,"[C8, C17, C7, C39, C15, C25]",mutation,1,1,1.9100000999876965E7,1000000.0,2587.126208607855
273,273,"[C8, C17, C7, C39, C15, C25]",mutation,1,1,1.910000099852698E7,1000000.0,216.0919540229885
274,274,"[C8, C17, C7, C39, C15, C25]",mutation,1,1,835.9990450732063,835.0,333.3333333333332
275,275,"[C8, C17, C7, C39, C15, C25]",mutation,1,1,835.9990450732063,835.0,333.3333333333332
276,276,"[C8, C17, C7, C39, C15, C25]",mutation,1,1,796.9993633810765,796.0,499.9999999999999
277,277,"[C8, C17, C7, C39, C15, C25]",mutation,1,1,1.9100000999339532E7,1000000.0,481.94428209624
278,278,"[C8, C17, C7, C39, C15, C25]",mutation,1,1,895.9994770628003,895.0,608.6956521739131
279,279,"[C8, C17, C7, C39, C15, C25]",mutation,1,1,895.5,895.0,0.0
280,280,"[C8, C17, C7, C39, C15, C25]",mutation,1,1,895.9997132091194,895.0,1109.902097902098
281,281,"[C8, C17, C7, C39, C15, C25]",mutation,1,1,1015.998042840007,1015.0,162.63661429704695
282,282,"[C8, C17, C7, C39, C15, C25]",mutation,1,1,895.9995480390049,895.0,704.2857142857142
283,283,"[C8, C17, C7, C39, C15, C25]",mutation,1,1,1.9100000999473363E7,1000000.0,604.4216454332675
284,284,"[C8, C17, C7, C39, C15, C25]",mutation,1,1,1015.998042840007,1015.0,162.63661429704695
285,285,"[C8, C17, C7, C39, C15, C25]",mutation,1,1,1.910000099982554E7,1000000.0,1824.5402673965687
286,286,"[C8, C17, C7, C39, C15, C25]",mutation,1,1,1.910000099975689E7,1000000.0,1309.3228344157321
287,287,"[C8, C17, C7, C39, C15, C25]",mutation,1,1,866.9801314756944,866.0,16.0
288,288,"[C8, C17, C7, C39, C15, C25]",mutation,1,1,866.9801314756944,866.0,16.0
289,289,"[C8, C17, C7, C39, C15, C25]",mutation,1,1,895.9996891506006,895.0,1024.0
290,290,"[C8, C17, C7, C39, C15, C25]",mutation,1,1,895.5,895.0,0.0
291,291,"[C8, C17, C7, C39, C15, C25]",mutation,1,1,835.9990450732063,835.0,333.3333333333332
292,292,"[C8, C17, C7, C39, C15, C25]",mutation,1,1,132644.9996554074,132644.0,923.7277369844276
293,293,"[C8, C17, C7, C39, C15, C25]",mutation,1,1,1.910000099982626E7,1000000.0,1832.101694915254
294,294,"[C8, C17, C7, C39, C15, C25]",mutation,1,1,1.9100000998002585E7,1000000.0,159.35889277828198
295,295,"[C8, C17, C7, C39, C15, C25]",mutation,1,1,895.9996891506006,895.0,1024.0
296,296,"[C8, C17, C7, C39, C15, C25]",mutation,1,1,1.9100000998137493E7,1000000.0,170.90211882297962
297,297,"[C8, C17, C7, C39, C15, C25]",mutation,1,1,895.5,895.0,0.0
298,298,"[C8, C17, C7, C39, C15, C25]",mutation,1,1,835.9990450732063,835.0,333.3333333333332
299,299,"[C8, C17, C7, C39, C15, C25]",mutation,1,1,1.910000099888592E7,1000000.0,285.71428571428567
300,300,"[C8, C17, C7, C39, C15, C25]",mutation,1,1,1.910000099933389E7,1000000.0,477.86297592760667
301,301,"[C8, C17, C7, C39, C15, C25]",mutation,1,1,2150.9996981425465,2150.0,1054.503665009689
302,302,"[C8, C17, C7, C39, C15, C25]",mutation,1,1,895.9970645587114,895.0,108.43373493975903
303,303,"[C8, C17, C7, C39, C15, C25]",mutation,1,1,895.9970540245315,895.0,108.04597701149424
304,304,"[C8, C17, C7, C39, C15, C25]",mutation,1,1,777.9994321113896,777.0,560.5140562248996
305,305,"[C8, C17, C7, C39, C15, C25]",mutation,1,1,924.9801314756944,924.0,16.0
306,306,"[C8, C17, C7, C39, C15, C25]",mutation,1,1,835.9998312886398,835.0,1886.712643678161
307,307,"[C8, C17, C7, C39, C15, C25]",mutation,1,1,1.910000099965831E7,1000000.0,931.5706214689263
308,308,"[C8, C17, C7, C39, C15, C25]",mutation,1,1,1015.9989127209816,1015.0,292.75709622475773
309,309,"[C8, C17, C7, C39, C15, C25]",mutation,1,1,895.9970540245315,895.0,108.04597701149424
310,310,"[C8, C17, C7, C39, C15, C25]",mutation,1,1,895.5,895.0,0.0
311,311,"[C8, C17, C7, C39, C15, C25]",mutation,1,1,1.910000099974081E7,1000000.0,1228.0919540229884
312,312,"[C8, C17, C7, C39, C15, C25]",mutation,1,1,895.9970540245315,895.0,108.04597701149424
313,313,"[C8, C17, C7, C39, C15, C25]",mutation,1,1,1015.998042840007,1015.0,162.63661429704695
314,314,"[C8, C17, C7, C39, C15, C25]",mutation,1,1,866.9801314756944,866.0,16.0
315,315,"[C8, C17, C7, C39, C15, C25]",mutation,1,1,866.9801314756944,866.0,16.0
316,316,"[C8, C17, C7, C39, C15, C25]",mutation,1,1,1015.998042840007,1015.0,162.63661429704695
317,317,"[C8, C17, C7, C39, C15, C25]",mutation,1,1,1.9100000998948995E7,1000000.0,302.8614941262308
318,318,"[C8, C17, C7, C39, C15, C25]",mutation,1,1,866.9801314756944,866.0,16.0
319,319,"[C8, C17, C7, C39, C15, C25]",mutation,1,1,895.5,895.0,0.0
320,320,"[C8, C17, C7, C39, C15, C25]",mutation,1,1,1.910000099977405E7,1000000.0,1408.7522388079576
321,321,"[C8, C17, C7, C39, C15, C25]",mutation,1,1,796.9996086355831,796.0,813.3333333333333
322,322,"[C8, C17, C7, C39, C15, C25]",mutation,1,1,61304.99983865418,61304.0,1972.842226635285
323,323,"[C8, C17, C7, C39, C15, C25]",avm,1,2,0.9999086964512016,0.0,3486.2815481246225
324,324,"[C8, C17, C7, C39, C15, C25]",avm,1,2,0.9999086964512016,0.0,3486.2815481246225
325,325,"[C8, C17, C7, C39, C15, C25]",avm,1,2,0.9999493643609403,0.0,6286.281548124623
326,326,"[C8, C17, C7, C39, C15, C25]",avm,1,2,0.9999493643609403,0.0,6286.281548124623
327,327,"[C8, C17, C7, C39, C15, C25]",avm,1,2,1.910000099990995E7,1000000.0,3534.8030760630218
328,328,"[C8, C17, C7, C39, C15, C25]",avm,1,2,4659.999909949756,4659.0,3534.8030760630218
329,329,"[C8, C17, C7, C39, C15, C25]",avm,1,2,12.999915484311346,12.0,3766.2815481246225
330,330,"[C8, C17, C7, C39, C15, C25]",avm,1,2,1.9100000999915484E7,1000000.0,3766.2815481246225
331,331,"[C8, C17, C7, C39, C15, C25]",avm,1,2,1.910000099990996E7,1000000.0,3535.232597075671
332,332,"[C8, C17, C7, C39, C15, C25]",avm,1,2,42.999909960697366,42.0,3535.232597075671
333,333,"[C8, C17, C7, C39, C15, C25]",avm,1,2,0.9999092609023847,0.0,3507.968295112577
334,334,"[C8, C17, C7, C39, C15, C25]",avm,1,2,0.9999092609023847,0.0,3507.968295112577
335,335,"[C8, C17, C7, C39, C15, C25]",avm,1,2,0.9999493643609403,0.0,6286.281548124623
336,336,"[C8, C17, C7, C39, C15, C25]",avm,1,2,0.9999493643609403,0.0,6286.281548124623
337,337,"[C8, C17, C7, C39, C15, C25]",avm,1,2,0.999950925675782,0.0,6486.281548124623
338,338,"[C8, C17, C7, C39, C15, C25]",avm,1,2,0.999950925675782,0.0,6486.281548124623
339,339,"[C8, C17, C7, C39, C15, C25]",avm,1,2,0.999950925675782,0.0,6486.281548124623
340,340,"[C8, C17, C7, C39, C15, C25]",avm,1,2,0.999950925675782,0.0,6486.281548124623
341,341,"[C8, C17, C7, C39, C15, C25]",avm,1,2,1.9100000999909237E7,1000000.0,3507.0673375234696
342,342,"[C8, C17, C7, C39, C15, C25]",avm,1,2,56.999909237591716,56.0,3507.0673375234696
343,343,"[C8, C17, C7, C39, C15, C25]",avm,1,2,0.9999221028027363,0.0,4086.2815481246225
344,344,"[C8, C17, C7, C39, C15, C25]",avm,1,2,1.9100000999922104E7,1000000.0,4086.2815481246225
345,345,"[C8, C17, C7, C39, C15, C25]",avm,1,2,1.9100000999909665E7,1000000.0,3523.6713786330974
346,346,"[C8, C17, C7, C39, C15, C25]",avm,1,2,0.9999096652770834,0.0,3523.6713786330974
347,347,"[C8, C17, C7, C39, C15, C25]",avm,1,2,0.999950925675782,0.0,6486.281548124623
348,348,"[C8, C17, C7, C39, C15, C25]",avm,1,2,32.99995092567578,32.0,6486.281548124623
349,349,"[C8, C17, C7, C39, C15, C25]",avm,1,2,0.999950925675782,0.0,6486.281548124623
350,350,"[C8, C17, C7, C39, C15, C25]",avm,1,2,0.999950925675782,0.0,6486.281548124623
351,351,"[C8, C17, C7, C39, C15, C25]",avm,1,2,0.9999290481710751,0.0,4486.2815481246225
352,352,"[C8, C17, C7, C39, C15, C25]",avm,1,2,0.9999290481710751,0.0,4486.2815481246225
353,353,"[C8, C17, C7, C39, C15, C25]",avm,1,2,0.9999290481710751,0.0,4486.2815481246225
354,354,"[C8, C17, C7, C39, C15, C25]",avm,1,2,0.9999290481710751,0.0,4486.2815481246225
355,355,"[C8, C17, C7, C39, C15, C25]",avm,1,2,1.9100000999909423E7,1000000.0,3514.3265240904598
356,356,"[C8, C17, C7, C39, C15, C25]",avm,1,2,0.9999094250703767,0.0,3514.3265240904598
357,357,"[C8, C17, C7, C39, C15, C25]",avm,1,2,0.9999120597388094,0.0,3619.614881457955
358,358,"[C8, C17, C7, C39, C15, C25]",avm,1,2,1.910000099991206E7,1000000.0,3619.614881457955
359,359,"[C8, C17, C7, C39, C15, C25]",avm,1,2,1.9100000999910917E7,1000000.0,3573.2380698637526
360,360,"[C8, C17, C7, C39, C15, C25]",avm,1,2,0.999910918368256,0.0,3573.2380698637526
361,361,"[C8, C17, C7, C39, C15, C25]",avm,1,2,0.9999290481710751,0.0,4486.2815481246225
362,362,"[C8, C17, C7, C39, C15, C25]",avm,1,2,0.9999290481710751,0.0,4486.2815481246225
363,363,"[C8, C17, C7, C39, C15, C25]",avm,1,2,0.9999290481710751,0.0,4486.2815481246225
364,364,"[C8, C17, C7, C39, C15, C25]",avm,1,2,0.9999290481710751,0.0,4486.2815481246225
365,365,"[C8, C17, C7, C39, C15, C25]",avm,1,2,0.999909113566925,0.0,3502.2815481246225
366,366,"[C8, C17, C7, C39, C15, C25]",avm,1,2,0.999909113566925,0.0,3502.2815481246225
367,367,"[C8, C17, C7, C39, C15, C25]",avm,1,2,0.9999290481710751,0.0,4486.2815481246225
368,368,"[C8, C17, C7, C39, C15, C25]",avm,1,2,0.9999290481710751,0.0,4486.2815481246225
369,369,"[C8, C17, C7, C39, C15, C25]",avm,1,2,1.910000099990991E7,1000000.0,3533.285326096143
370,370,"[C8, C17, C7, C39, C15, C25]",avm,1,2,0.9999099110747344,0.0,3533.285326096143
371,371,"[C8, C17, C7, C39, C15, C25]",avm,1,2,0.9999128621980067,0.0,3652.94821479129
372,372,"[C8, C17, C7, C39, C15, C25]",avm,1,2,1.910000099991286E7,1000000.0,3652.94821479129
373,373,"[C8, C17, C7, C39, C15, C25]",avm,1,2,0.9999057762935158,0.0,3378.235571113128
374,374,"[C8, C17, C7, C39, C15, C25]",avm,1,2,1.9100000999911442E7,1000000.0,3594.327525136116
375,375,"[C8, C17, C7, C39, C15, C25]",avm,1,2,1.9100000999908697E7,1000000.0,3486.2815481246225
376,376,"[C8, C17, C7, C39, C15, C25]",avm,1,2,0.9999086964512016,0.0,3486.2815481246225
377,377,"[C8, C17, C7, C39, C15, C25]",avm,1,2,0.9999240413385088,0.0,4190.567262410337
378,378,"[C8, C17, C7, C39, C15, C25]",avm,1,2,0.9999240413385088,0.0,4190.567262410337
379,379,"[C8, C17, C7, C39, C15, C25]",avm,1,2,0.9999290481710751,0.0,4486.2815481246225
380,380,"[C8, C17, C7, C39, C15, C25]",avm,1,2,0.9999290481710751,0.0,4486.2815481246225
381,381,"[C8, C17, C7, C39, C15, C25]",avm,1,2,0.9999290481710751,0.0,4486.2815481246225
382,382,"[C8, C17, C7, C39, C15, C25]",avm,1,2,0.9999290481710751,0.0,4486.2815481246225
383,383,"[C8, C17, C7, C39, C15, C25]",avm,1,2,4.999929048171075,4.0,4486.2815481246225
384,384,"[C8, C17, C7, C39, C15, C25]",avm,1,2,0.9999290481710751,0.0,4486.2815481246225
385,385,"[C8, C17, C7, C39, C15, C25]",avm,1,2,1.910000099991046E7,1000000.0,3554.9106064786297
386,386,"[C8, C17, C7, C39, C15, C25]",avm,1,2,0.9999104591048766,0.0,3554.9106064786297
387,387,"[C8, C17, C7, C39, C15, C25]",avm,1,2,0.9999128621980067,0.0,3652.94821479129
388,388,"[C8, C17, C7, C39, C15, C25]",avm,1,2,1.910000099991286E7,1000000.0,3652.94821479129
389,389,"[C8, C17, C7, C39, C15, C25]",avm,1,2,1.910000099991229E7,1000000.0,3629.1386909817647
390,390,"[C8, C17, C7, C39, C15, C25]",avm,1,2,0.9999122905170533,0.0,3629.1386909817647
391,391,"[C8, C17, C7, C39, C15, C25]",avm,1,2,0.9999290481710751,0.0,4486.2815481246225
392,392,"[C8, C17, C7, C39, C15, C25]",avm,1,2,0.9999290481710751,0.0,4486.2815481246225
393,393,"[C8, C17, C7, C39, C15, C25]",avm,1,2,0.9999290481710751,0.0,4486.2815481246225
394,394,"[C8, C17, C7, C39, C15, C25]",avm,1,2,0.9999290481710751,0.0,4486.2815481246225
395,395,"[C8, C17, C7, C39, C15, C25]",avm,1,2,0.9999094668470196,0.0,3515.9482147912895
396,396,"[C8, C17, C7, C39, C15, C25]",avm,1,2,0.9999094668470196,0.0,3515.9482147912895
397,397,"[C8, C17, C7, C39, C15, C25]",avm,1,2,28.99994402143471,28.0,5686.2815481246225
398,398,"[C8, C17, C7, C39, C15, C25]",avm,1,2,0.9999440214347094,0.0,5686.2815481246225
399,399,"[C8, C17, C7, C39, C15, C25]",avm,1,2,0.999907416795053,0.0,3438.0952505318614
400,400,"[C8, C17, C7, C39, C15, C25]",avm,1,2,0.9999047467700011,0.0,3341.7226553463406
401,401,"[C8, C17, C7, C39, C15, C25]",avm,1,2,116.99989891643271,116.0,3148.9774649752976
402,402,"[C8, C17, C7, C39, C15, C25]",avm,1,2,0.9999033531615179,0.0,3293.536357753579
403,403,"[C8, C17, C7, C39, C15, C25]",avm,1,2,0.9999004399213046,0.0,3197.1637625680587
404,404,"[C8, C17, C7, C39, C15, C25]",avm,1,2,384.9998940527537,384.0,3004.418572197016
405,405,"[C8, C17, C7, C39, C15, C25]",avm,1,2,116.99989891643271,116.0,3148.9774649752976
406,406,"[C8, C17, C7, C39, C15, C25]",avm,1,2,0.9999019181690082,0.0,3245.350060160818
407,407,"[C8, C17, C7, C39, C15, C25]",avm,1,2,0.999918234237493,0.0,3892.94821479129
408,408,"[C8, C17, C7, C39, C15, C25]",avm,1,2,1.9100000999918234E7,1000000.0,3892.94821479129
409,409,"[C8, C17, C7, C39, C15, C25]",avm,1,2,1.9100000999915686E7,1000000.0,3775.308291990078
410,410,"[C8, C17, C7, C39, C15, C25]",avm,1,2,0.9999156863879395,0.0,3775.308291990078
411,411,"[C8, C17, C7, C39, C15, C25]",avm,1,2,0.9999419983807787,0.0,5487.948214791289
412,412,"[C8, C17, C7, C39, C15, C25]",avm,1,2,0.9999419983807787,0.0,5487.948214791289
413,413,"[C8, C17, C7, C39, C15, C25]",avm,1,2,0.9999292374482268,0.0,4498.2815481246225
414,414,"[C8, C17, C7, C39, C15, C25]",avm,1,2,0.9999292374482268,0.0,4498.2815481246225
415,415,"[C8, C17, C7, C39, C15, C25]",mutation,1,2,883.9930308243185,883.0,45.66666666666667
416,416,"[C8, C17, C7, C39, C15, C25]",mutation,1,2,835.9990450732063,835.0,333.3333333333332
417,417,"[C8, C17, C7, C39, C15, C25]",mutation,1,2,883.9997024215081,883.0,1069.6666666666667
418,418,"[C8, C17, C7, C39, C15, C25]",mutation,1,2,895.5,895.0,0.0
419,419,"[C8, C17, C7, C39, C15, C25]",mutation,1,2,866.9801314756944,866.0,16.0
420,420,"[C8, C17, C7, C39, C15, C25]",mutation,1,2,895.5,895.0,0.0
421,421,"[C8, C17, C7, C39, C15, C25]",mutation,1,2,459.9995894269502,459.0,775.2815481246222
422,422,"[C8, C17, C7, C39, C15, C25]",mutation,1,2,796.9996086355831,796.0,813.3333333333333
423,423,"[C8, C17, C7, C39, C15, C25]",mutation,1,2,866.9801314756944,866.0,16.0
424,424,"[C8, C17, C7, C39, C15, C25]",mutation,1,2,895.5,895.0,0.0
425,425,"[C8, C17, C7, C39, C15, C25]",mutation,1,2,173892.99992812765,173892.0,4428.823277552114
426,426,"[C8, C17, C7, C39, C15, C25]",mutation,1,2,1373.9993919097126,1373.0,523.457627118644
427,427,"[C8, C17, C7, C39, C15, C25]",mutation,1,2,5218.99972233788,5218.0,1146.39261852188
428,428,"[C8, C17, C7, C39, C15, C25]",mutation,1,2,866.9801314756944,866.0,16.0
429,429,"[C8, C17, C7, C39, C15, C25]",mutation,1,2,459.999629255838,459.0,858.5698032368435
430,430,"[C8, C17, C7, C39, C15, C25]",mutation,1,2,835.9994885442946,835.0,622.3600771987866
431,431,"[C8, C17, C7, C39, C15, C25]",mutation,1,2,895.5,895.0,0.0
432,432,"[C8, C17, C7, C39, C15, C25]",mutation,1,2,866.9801314756944,866.0,16.0
433,433,"[C8, C17, C7, C39, C15, C25]",mutation,1,2,835.9997633970559,835.0,1345.3333333333333
434,434,"[C8, C17, C7, C39, C15, C25]",mutation,1,2,835.9992172723494,835.0,406.66666666666663
435,435,"[C8, C17, C7, C39, C15, C25]",mutation,1,2,866.998850330473,866.0,276.8695652173913
436,436,"[C8, C17, C7, C39, C15, C25]",mutation,1,2,866.9801314756944,866.0,16.0
437,437,"[C8, C17, C7, C39, C15, C25]",mutation,1,2,883.9997024215081,883.0,1069.6666666666667
438,438,"[C8, C17, C7, C39, C15, C25]",mutation,1,2,866.9997382320605,866.0,1216.0
439,439,"[C8, C17, C7, C39, C15, C25]",mutation,1,2,767.9990888100666,767.0,349.33333333333326
440,440,"[C8, C17, C7, C39, C15, C25]",mutation,1,2,835.9990450732063,835.0,333.3333333333332
441,441,"[C8, C17, C7, C39, C15, C25]",mutation,1,2,866.9997382320605,866.0,1216.0
442,442,"[C8, C17, C7, C39, C15, C25]",mutation,1,2,0.9999086964512016,0.0,3486.2815481246225
443,443,"[C8, C17, C7, C39, C15, C25]",mutation,1,2,895.5,895.0,0.0
444,444,"[C8, C17, C7, C39, C15, C25]",mutation,1,2,835.9992172723494,835.0,406.66666666666663
445,445,"[C8, C17, C7, C39, C15, C25]",mutation,1,2,895.5,895.0,0.0
446,446,"[C8, C17, C7, C39, C15, C25]",mutation,1,2,859.9997287132309,859.0,1173.3333333333335
447,447,"[C8, C17, C7, C39, C15, C25]",mutation,1,2,895.5,895.0,0.0
448,448,"[C8, C17, C7, C39, C15, C25]",mutation,1,2,883.999337475478,883.0,480.4492753623188
449,449,"[C8, C17, C7, C39, C15, C25]",mutation,1,2,895.5,895.0,0.0
450,450,"[C8, C17, C7, C39, C15, C25]",mutation,1,2,895.5,895.0,0.0
451,451,"[C8, C17, C7, C39, C15, C25]",mutation,1,2,767.9990888100666,767.0,349.33333333333326
452,452,"[C8, C17, C7, C39, C15, C25]",mutation,1,2,459.9995312713109,459.0,679.0914734114319
453,453,"[C8, C17, C7, C39, C15, C25]",mutation,1,2,883.9930308243185,883.0,45.66666666666667
454,454,"[C8, C17, C7, C39, C15, C25]",mutation,1,2,878.9892745142157,878.0,29.666666666666664
455,455,"[C8, C17, C7, C39, C15, C25]",mutation,1,2,796.9993438820413,796.0,485.14056224899593
456,456,"[C8, C17, C7, C39, C15, C25]",mutation,1,2,1.910000099835997E7,1000000.0,194.08611175359943
457,457,"[C8, C17, C7, C39, C15, C25]",mutation,1,2,777.9991287159912,777.0,365.3333333333332
458,458,"[C8, C17, C7, C39, C15, C25]",mutation,1,2,1.910000099975706E7,1000000.0,1310.2431808436174
459,459,"[C8, C17, C7, C39, C15, C25]",mutation,1,2,895.5,895.0,0.0
460,460,"[C8, C17, C7, C39, C15, C25]",mutation,1,2,866.9979962771831,866.0,158.85714285714283
461,461,"[C8, C17, C7, C39, C15, C25]",mutation,1,2,459.9993994718521,459.0,530.0492735203674
462,462,"[C8, C17, C7, C39, C15, C25]",mutation,1,2,883.9987875544455,883.0,262.53413654618475
463,463,"[C8, C17, C7, C39, C15, C25]",mutation,1,2,866.9801314756944,866.0,16.0
464,464,"[C8, C17, C7, C39, C15, C25]",mutation,1,2,111.99992227002626,111.0,4095.072525004885
465,465,"[C8, C17, C7, C39, C15, C25]",mutation,1,2,895.9997271694117,895.0,1166.693992018121
466,466,"[C8, C17, C7, C39, C15, C25]",mutation,1,2,895.9970540245315,895.0,108.04597701149424
467,467,"[C8, C17, C7, C39, C15, C25]",mutation,1,2,459.999629255838,459.0,858.5698032368435
468,468,"[C8, C17, C7, C39, C15, C25]",mutation,1,2,895.5,895.0,0.0
469,469,"[C8, C17, C7, C39, C15, C25]",mutation,1,2,1.9100000999672566E7,1000000.0,972.1355932203389
470,470,"[C8, C17, C7, C39, C15, C25]",mutation,1,2,895.5,895.0,0.0
471,471,"[C8, C17, C7, C39, C15, C25]",mutation,1,2,0.9999086964512016,0.0,3486.2815481246225
472,472,"[C8, C17, C7, C39, C15, C25]",mutation,1,2,883.9930308243185,883.0,45.66666666666667
473,473,"[C8, C17, C7, C39, C15, C25]",mutation,1,2,808.9933695032001,808.0,48.00000000000001
474,474,"[C8, C17, C7, C39, C15, C25]",mutation,1,2,895.5,895.0,0.0
475,475,"[C8, C17, C7, C39, C15, C25]",mutation,1,2,1.910000099960025E7,1000000.0,796.273120677047
476,476,"[C8, C17, C7, C39, C15, C25]",mutation,1,2,1075.9996765659364,1075.0,984.156625684595
477,477,"[C8, C17, C7, C39, C15, C25]",mutation,1,2,0.9999086964512016,0.0,3486.2815481246225
478,478,"[C8, C17, C7, C39, C15, C25]",mutation,1,2,895.9990832047489,895.0,347.197485594552
479,479,"[C8, C17, C7, C39, C15, C25]",mutation,1,2,895.5,895.0,0.0
480,480,"[C8, C17, C7, C39, C15, C25]",mutation,1,2,767.9990888100666,767.0,349.33333333333326
481,481,"[C8, C17, C7, C39, C15, C25]",mutation,1,2,895.5,895.0,0.0
482,482,"[C8, C17, C7, C39, C15, C25]",mutation,1,2,895.5,895.0,0.0
483,483,"[C8, C17, C7, C39, C15, C25]",mutation,1,2,777.9994321113896,777.0,560.5140562248996
484,484,"[C8, C17, C7, C39, C15, C25]",mutation,1,2,895.5,895.0,0.0
485,485,"[C8, C17, C7, C39, C15, C25]",mutation,1,2,866.9801314756944,866.0,16.0
486,486,"[C8, C17, C7, C39, C15, C25]",mutation,1,2,895.5,895.0,0.0
487,487,"[C8, C17, C7, C39, C15, C25]",mutation,1,2,895.5,895.0,0.0
488,488,"[C8, C17, C7, C39, C15, C25]",mutation,1,2,835.9990450732063,835.0,333.3333333333332
489,489,"[C8, C17, C7, C39, C15, C25]",mutation,1,2,835.9990450732063,835.0,333.3333333333332
490,490,"[C8, C17, C7, C39, C15, C25]",mutation,1,2,895.5,895.0,0.0
491,491,"[C8, C17, C7, C39, C15, C25]",mutation,1,2,895.5,895.0,0.0
492,492,"[C8, C17, C7, C39, C15, C25]",mutation,1,2,895.5,895.0,0.0
493,493,"[C8, C17, C7, C39, C15, C25]",mutation,1,2,1.910000099919401E7,1000000.0,394.9299985780873
494,494,"[C8, C17, C7, C39, C15, C25]",mutation,1,2,895.5,895.0,0.0
495,495,"[C8, C17, C7, C39, C15, C25]",mutation,1,2,866.9996903601306,866.0,1028.0
496,496,"[C8, C17, C7, C39, C15, C25]",mutation,1,2,895.5,895.0,0.0
497,497,"[C8, C17, C7, C39, C15, C25]",mutation,1,2,895.5,895.0,0.0
498,498,"[C8, C17, C7, C39, C15, C25]",mutation,1,2,0.9999086964512016,0.0,3486.2815481246225
499,499,"[C8, C17, C7, C39, C15, C25]",mutation,1,2,796.9995841900248,796.0,765.5172413793102
500,500,"[C8, C17, C7, C39, C15, C25]",mutation,1,2,1.910000099923431E7,1000000.0,415.715787976934
501,501,"[C8, C17, C7, C39, C15, C25]",mutation,1,2,895.5,895.0,0.0
502,502,"[C8, C17, C7, C39, C15, C25]",mutation,1,2,835.9992172723494,835.0,406.66666666666663
503,503,"[C8, C17, C7, C39, C15, C25]",mutation,1,2,895.5,895.0,0.0
504,504,"[C8, C17, C7, C39, C15, C25]",mutation,1,2,796.9996086355831,796.0,813.3333333333333
505,505,"[C8, C17, C7, C39, C15, C25]",mutation,1,2,5581.99981080673,5581.0,1682.4586242395208
506,506,"[C8, C17, C7, C39, C15, C25]",mutation,1,2,895.9997327863011,895.0,1191.2181626308434
507,507,"[C8, C17, C7, C39, C15, C25]",mutation,1,2,878.9976886342234,878.0,137.71264367816093
508,508,"[C8, C17, C7, C39, C15, C25]",mutation,1,2,835.9980901636008,835.0,166.66666666666663
509,509,"[C8, C17, C7, C39, C15, C25]",mutation,1,2,895.9970540245315,895.0,108.04597701149424
510,510,"[C8, C17, C7, C39, C15, C25]",mutation,1,2,835.9990450732063,835.0,333.3333333333332
511,511,"[C8, C17, C7, C39, C15, C25]",mutation,1,2,895.5,895.0,0.0
512,512,"[C8, C17, C7, C39, C15, C25]",mutation,1,2,895.9970540245315,895.0,108.04597701149424
513,513,"[C8, C17, C7, C39, C15, C25]",mutation,1,2,895.5,895.0,0.0
514,514,"[C8, C17, C7, C39, C15, C25]",mutation,1,2,0.9999086964512016,0.0,3486.2815481246225
515,515,"[C8, C17, C7, C39, C15, C25]",avm,1,3,0.9999004399213046,0.0,3197.1637625680587
516,516,"[C8, C17, C7, C39, C15, C25]",avm,1,3,0.9999004399213046,0.0,3197.1637625680587
517,517,"[C8, C17, C7, C39, C15, C25]",avm,1,3,0.9999469232630898,0.0,5997.163762568059
518,518,"[C8, C17, C7, C39, C15, C25]",avm,1,3,0.9999469232630898,0.0,5997.163762568059
519,519,"[C8, C17, C7, C39, C15, C25]",avm,1,3,1.9100000999901928E7,1000000.0,3245.685290506458
520,520,"[C8, C17, C7, C39, C15, C25]",avm,1,3,4659.9999019283,4659.0,3245.685290506458
521,521,"[C8, C17, C7, C39, C15, C25]",avm,1,3,12.999908457035923,12.0,3477.1637625680587
522,522,"[C8, C17, C7, C39, C15, C25]",avm,1,3,1.910000099990846E7,1000000.0,3477.1637625680587
523,523,"[C8, C17, C7, C39, C15, C25]",avm,1,3,1.9100000999901943E7,1000000.0,3246.114811519107
524,524,"[C8, C17, C7, C39, C15, C25]",avm,1,3,42.99990194127608,42.0,3246.114811519107
525,525,"[C8, C17, C7, C39, C15, C25]",avm,1,3,0.9999011106993015,0.0,3218.850509556013
526,526,"[C8, C17, C7, C39, C15, C25]",avm,1,3,0.9999011106993015,0.0,3218.850509556013
527,527,"[C8, C17, C7, C39, C15, C25]",avm,1,3,0.9999469232630898,0.0,5997.163762568059
528,528,"[C8, C17, C7, C39, C15, C25]",avm,1,3,0.9999469232630898,0.0,5997.163762568059
529,529,"[C8, C17, C7, C39, C15, C25]",avm,1,3,0.9999486361994588,0.0,6197.163762568059
530,530,"[C8, C17, C7, C39, C15, C25]",avm,1,3,0.9999486361994588,0.0,6197.163762568059
531,531,"[C8, C17, C7, C39, C15, C25]",avm,1,3,0.9999486361994588,0.0,6197.163762568059
532,532,"[C8, C17, C7, C39, C15, C25]",avm,1,3,0.9999486361994588,0.0,6197.163762568059
533,533,"[C8, C17, C7, C39, C15, C25]",avm,1,3,1.9100000999901082E7,1000000.0,3217.949551966906
534,534,"[C8, C17, C7, C39, C15, C25]",avm,1,3,56.999901083012396,56.0,3217.949551966906
535,535,"[C8, C17, C7, C39, C15, C25]",avm,1,3,0.999916171674774,0.0,3797.1637625680587
536,536,"[C8, C17, C7, C39, C15, C25]",avm,1,3,1.9100000999916174E7,1000000.0,3797.1637625680587
537,537,"[C8, C17, C7, C39, C15, C25]",avm,1,3,1.910000099990159E7,1000000.0,3234.5535930765336
538,538,"[C8, C17, C7, C39, C15, C25]",avm,1,3,0.9999015907862143,0.0,3234.5535930765336
539,539,"[C8, C17, C7, C39, C15, C25]",avm,1,3,0.9999486361994588,0.0,6197.163762568059
540,540,"[C8, C17, C7, C39, C15, C25]",avm,1,3,32.999948636199456,32.0,6197.163762568059
541,541,"[C8, C17, C7, C39, C15, C25]",avm,1,3,0.9999486361994588,0.0,6197.163762568059
542,542,"[C8, C17, C7, C39, C15, C25]",avm,1,3,0.9999486361994588,0.0,6197.163762568059
543,543,"[C8, C17, C7, C39, C15, C25]",avm,1,3,0.9999241607194364,0.0,4197.163762568059
544,544,"[C8, C17, C7, C39, C15, C25]",avm,1,3,0.9999241607194364,0.0,4197.163762568059
545,545,"[C8, C17, C7, C39, C15, C25]",avm,1,3,0.9999241607194364,0.0,4197.163762568059
546,546,"[C8, C17, C7, C39, C15, C25]",avm,1,3,0.9999241607194364,0.0,4197.163762568059
547,547,"[C8, C17, C7, C39, C15, C25]",avm,1,3,1.9100000999901306E7,1000000.0,3225.208738533896
548,548,"[C8, C17, C7, C39, C15, C25]",avm,1,3,0.9999013056512651,0.0,3225.208738533896
549,549,"[C8, C17, C7, C39, C15, C25]",avm,1,3,0.9999044257156056,0.0,3330.4970959013913
550,550,"[C8, C17, C7, C39, C15, C25]",avm,1,3,1.9100000999904424E7,1000000.0,3330.4970959013913
551,551,"[C8, C17, C7, C39, C15, C25]",avm,1,3,1.9100000999903075E7,1000000.0,3284.1202843071887
552,552,"[C8, C17, C7, C39, C15, C25]",avm,1,3,0.9999030760603176,0.0,3284.1202843071887
553,553,"[C8, C17, C7, C39, C15, C25]",avm,1,3,0.9999241607194364,0.0,4197.163762568059
554,554,"[C8, C17, C7, C39, C15, C25]",avm,1,3,0.9999241607194364,0.0,4197.163762568059
555,555,"[C8, C17, C7, C39, C15, C25]",avm,1,3,0.9999241607194364,0.0,4197.163762568059
556,556,"[C8, C17, C7, C39, C15, C25]",avm,1,3,0.9999241607194364,0.0,4197.163762568059
557,557,"[C8, C17, C7, C39, C15, C25]",avm,1,3,0.9999009356822658,0.0,3213.1637625680587
558,558,"[C8, C17, C7, C39, C15, C25]",avm,1,3,115.99990093568226,115.0,3213.1637625680587
559,559,"[C8, C17, C7, C39, C15, C25]",avm,1,3,0.9999241607194364,0.0,4197.163762568059
560,560,"[C8, C17, C7, C39, C15, C25]",avm,1,3,115.99992416071943,115.0,4197.163762568059
561,561,"[C8, C17, C7, C39, C15, C25]",avm,1,3,1.9100000999901883E7,1000000.0,3244.167540539579
562,562,"[C8, C17, C7, C39, C15, C25]",avm,1,3,122.99990188241756,122.0,3244.167540539579
563,563,"[C8, C17, C7, C39, C15, C25]",avm,1,3,110.99990537279345,110.0,3363.830429234726
564,564,"[C8, C17, C7, C39, C15, C25]",avm,1,3,1.9100000999905374E7,1000000.0,3363.830429234726
565,565,"[C8, C17, C7, C39, C15, C25]",avm,1,3,0.9998969576762164,0.0,3089.1177855565643
566,566,"[C8, C17, C7, C39, C15, C25]",avm,1,3,1.9100000999903694E7,1000000.0,3305.209739579552
567,567,"[C8, C17, C7, C39, C15, C25]",avm,1,3,1.910000099990044E7,1000000.0,3197.1637625680587
568,568,"[C8, C17, C7, C39, C15, C25]",avm,1,3,0.9999004399213046,0.0,3197.1637625680587
569,569,"[C8, C17, C7, C39, C15, C25]",avm,1,3,0.9999184124051583,0.0,3901.4494768537734
570,570,"[C8, C17, C7, C39, C15, C25]",avm,1,3,0.9999184124051583,0.0,3901.4494768537734
571,571,"[C8, C17, C7, C39, C15, C25]",avm,1,3,0.9999241607194364,0.0,4197.163762568059
572,572,"[C8, C17, C7, C39, C15, C25]",avm,1,3,0.9999241607194364,0.0,4197.163762568059
573,573,"[C8, C17, C7, C39, C15, C25]",avm,1,3,0.9999241607194364,0.0,4197.163762568059
574,574,"[C8, C17, C7, C39, C15, C25]",avm,1,3,115.99992416071943,115.0,4197.163762568059
575,575,"[C8, C17, C7, C39, C15, C25]",avm,1,3,4.999924160719436,4.0,4197.163762568059
576,576,"[C8, C17, C7, C39, C15, C25]",avm,1,3,115.99992416071943,115.0,4197.163762568059
577,577,"[C8, C17, C7, C39, C15, C25]",avm,1,3,1.910000099990253E7,1000000.0,3265.792820922066
578,578,"[C8, C17, C7, C39, C15, C25]",avm,1,3,0.9999025321281264,0.0,3265.792820922066
579,579,"[C8, C17, C7, C39, C15, C25]",avm,1,3,110.99990537279345,110.0,3363.830429234726
580,580,"[C8, C17, C7, C39, C15, C25]",avm,1,3,1.9100000999905374E7,1000000.0,3363.830429234726
581,581,"[C8, C17, C7, C39, C15, C25]",avm,1,3,1.91000009999047E7,1000000.0,3340.020905425201
582,582,"[C8, C17, C7, C39, C15, C25]",avm,1,3,0.999904698238219,0.0,3340.020905425201
583,583,"[C8, C17, C7, C39, C15, C25]",avm,1,3,0.9999241607194364,0.0,4197.163762568059
584,584,"[C8, C17, C7, C39, C15, C25]",avm,1,3,0.9999241607194364,0.0,4197.163762568059
585,585,"[C8, C17, C7, C39, C15, C25]",avm,1,3,0.9999241607194364,0.0,4197.163762568059
586,586,"[C8, C17, C7, C39, C15, C25]",avm,1,3,0.9999241607194364,0.0,4197.163762568059
587,587,"[C8, C17, C7, C39, C15, C25]",avm,1,3,0.9999013552515467,0.0,3226.8304292347257
588,588,"[C8, C17, C7, C39, C15, C25]",avm,1,3,0.9999013552515467,0.0,3226.8304292347257
589,589,"[C8, C17, C7, C39, C15, C25]",avm,1,3,144.99994102274889,144.0,5397.163762568058
590,590,"[C8, C17, C7, C39, C15, C25]",avm,1,3,0.9999410227488836,0.0,5397.163762568058
591,591,"[C8, C17, C7, C39, C15, C25]",avm,1,3,116.99989891643271,116.0,3148.9774649752976
592,592,"[C8, C17, C7, C39, C15, C25]",avm,1,3,0.9999019181690082,0.0,3245.350060160818
593,593,"[C8, C17, C7, C39, C15, C25]",avm,1,3,110.99991167456842,110.0,3603.830429234726
594,594,"[C8, C17, C7, C39, C15, C25]",avm,1,3,1.9100000999911673E7,1000000.0,3603.830429234726
595,595,"[C8, C17, C7, C39, C15, C25]",avm,1,3,1.9100000999908693E7,1000000.0,3486.190506433514
596,596,"[C8, C17, C7, C39, C15, C25]",avm,1,3,0.999908694066814,0.0,3486.190506433514
597,597,"[C8, C17, C7, C39, C15, C25]",avm,1,3,0.9999387727900361,0.0,5198.830429234725
598,598,"[C8, C17, C7, C39, C15, C25]",avm,1,3,0.9999387727900361,0.0,5198.830429234725
599,599,"[C8, C17, C7, C39, C15, C25]",avm,1,3,0.9999243769313455,0.0,4209.163762568059
600,600,"[C8, C17, C7, C39, C15, C25]",avm,1,3,0.9999243769313455,0.0,4209.163762568059
601,601,"[C8, C17, C7, C39, C15, C25]",mutation,1,3,459.9993994718521,459.0,530.0492735203674
602,602,"[C8, C17, C7, C39, C15, C25]",mutation,1,3,835.9992172723494,835.0,406.66666666666663
603,603,"[C8, C17, C7, C39, C15, C25]",mutation,1,3,866.9801314756944,866.0,16.0
604,604,"[C8, C17, C7, C39, C15, C25]",mutation,1,3,1.910000099930406E7,1000000.0,457.37931034482745
605,605,"[C8, C17, C7, C39, C15, C25]",mutation,1,3,767.9990888100666,767.0,349.33333333333326
606,606,"[C8, C17, C7, C39, C15, C25]",mutation,1,3,866.9979962771831,866.0,158.85714285714283
607,607,"[C8, C17, C7, C39, C15, C25]",mutation,1,3,1.910000099987271E7,1000000.0,2500.6528116969703
608,608,"[C8, C17, C7, C39, C15, C25]",mutation,1,3,878.9892745142157,878.0,29.666666666666664
609,609,"[C8, C17, C7, C39, C15, C25]",mutation,1,3,0.9999086964512016,0.0,3486.2815481246225
610,610,"[C8, C17, C7, C39, C15, C25]",mutation,1,3,866.9801314756944,866.0,16.0
611,611,"[C8, C17, C7, C39, C15, C25]",mutation,1,3,0.9999086964512016,0.0,3486.2815481246225
612,612,"[C8, C17, C7, C39, C15, C25]",mutation,1,3,1.910000099951847E7,1000000.0,661.0344472142458
613,613,"[C8, C17, C7, C39, C15, C25]",mutation,1,3,459.9994495157601,459.0,578.235571113128
614,614,"[C8, C17, C7, C39, C15, C25]",mutation,1,3,798.9995067516043,798.0,645.3333333333334
615,615,"[C8, C17, C7, C39, C15, C25]",mutation,1,3,767.9990888100666,767.0,349.33333333333326
616,616,"[C8, C17, C7, C39, C15, C25]",mutation,1,3,767.9990888100666,767.0,349.33333333333326
617,617,"[C8, C17, C7, C39, C15, C25]",mutation,1,3,767.9997702287072,767.0,1385.3333333333333
618,618,"[C8, C17, C7, C39, C15, C25]",mutation,1,3,835.9990450732063,835.0,333.3333333333332
619,619,"[C8, C17, C7, C39, C15, C25]",mutation,1,3,808.9933695032001,808.0,48.00000000000001
620,620,"[C8, C17, C7, C39, C15, C25]",mutation,1,3,0.9999086964512016,0.0,3486.2815481246225
621,621,"[C8, C17, C7, C39, C15, C25]",mutation,1,3,1.910000099981625E7,1000000.0,1732.2960977754342
622,622,"[C8, C17, C7, C39, C15, C25]",mutation,1,3,796.9993438820413,796.0,485.14056224899593
623,623,"[C8, C17, C7, C39, C15, C25]",mutation,1,3,835.9990450732063,835.0,333.3333333333332
624,624,"[C8, C17, C7, C39, C15, C25]",mutation,1,3,866.9997382320605,866.0,1216.0
625,625,"[C8, C17, C7, C39, C15, C25]",mutation,1,3,1.9100000999850873E7,1000000.0,2134.480096359076
626,626,"[C8, C17, C7, C39, C15, C25]",mutation,1,3,866.9997382320605,866.0,1216.0
627,627,"[C8, C17, C7, C39, C15, C25]",mutation,1,3,4482.999916802009,4482.0,3825.9322436934217
628,628,"[C8, C17, C7, C39, C15, C25]",mutation,1,3,866.9986330940525,866.0,232.86746987951807
629,629,"[C8, C17, C7, C39, C15, C25]",mutation,1,3,866.9801314756944,866.0,16.0
630,630,"[C8, C17, C7, C39, C15, C25]",mutation,1,3,459.999629255838,459.0,858.5698032368435
631,631,"[C8, C17, C7, C39, C15, C25]",mutation,1,3,835.9990450732063,835.0,333.3333333333332
632,632,"[C8, C17, C7, C39, C15, C25]",mutation,1,3,459.99919854416856,459.0,397.1637625680582
633,633,"[C8, C17, C7, C39, C15, C25]",mutation,1,3,796.9995841900248,796.0,765.5172413793102
634,634,"[C8, C17, C7, C39, C15, C25]",mutation,1,3,835.9990450732063,835.0,333.3333333333332
635,635,"[C8, C17, C7, C39, C15, C25]",mutation,1,3,835.9994885442946,835.0,622.3600771987866
636,636,"[C8, C17, C7, C39, C15, C25]",mutation,1,3,0.9999086964512016,0.0,3486.2815481246225
637,637,"[C8, C17, C7, C39, C15, C25]",mutation,1,3,111.99992227002626,111.0,4095.072525004885
638,638,"[C8, C17, C7, C39, C15, C25]",mutation,1,3,835.9997633970559,835.0,1345.3333333333333
639,639,"[C8, C17, C7, C39, C15, C25]",mutation,1,3,0.9999086964512016,0.0,3486.2815481246225
640,640,"[C8, C17, C7, C39, C15, C25]",mutation,1,3,767.9990888100666,767.0,349.33333333333326
641,641,"[C8, C17, C7, C39, C15, C25]",mutation,1,3,835.9990450732063,835.0,333.3333333333332
642,642,"[C8, C17, C7, C39, C15, C25]",mutation,1,3,1.9100000999818776E7,1000000.0,1756.4576435469296
643,643,"[C8, C17, C7, C39, C15, C25]",mutation,1,3,835.9993315502217,835.0,476.190476190476
644,644,"[C8, C17, C7, C39, C15, C25]",mutation,1,3,866.9979962771831,866.0,158.85714285714283
645,645,"[C8, C17, C7, C39, C15, C25]",mutation,1,3,866.9979962771831,866.0,158.85714285714283
646,646,"[C8, C17, C7, C39, C15, C25]",mutation,1,3,867.9995167128003,867.0,658.6345381526105
647,647,"[C8, C17, C7, C39, C15, C25]",mutation,1,3,866.9998247192434,866.0,1816.0
648,648,"[C8, C17, C7, C39, C15, C25]",mutation,1,3,835.9992172723494,835.0,406.66666666666663
649,649,"[C8, C17, C7, C39, C15, C25]",mutation,1,3,835.9990450732063,835.0,333.3333333333332
650,650,"[C8, C17, C7, C39, C15, C25]",mutation,1,3,866.9801314756944,866.0,16.0
651,651,"[C8, C17, C7, C39, C15, C25]",mutation,1,3,835.9990450732063,835.0,333.3333333333332
652,652,"[C8, C17, C7, C39, C15, C25]",mutation,1,3,0.9999004399213046,0.0,3197.1637625680587
653,653,"[C8, C17, C7, C39, C15, C25]",mutation,1,3,144461.9999204083,144461.0,3999.2852664658003
654,654,"[C8, C17, C7, C39, C15, C25]",mutation,1,3,866.9801314756944,866.0,16.0
655,655,"[C8, C17, C7, C39, C15, C25]",mutation,1,3,796.9990450732063,796.0,333.33333333333326
656,656,"[C8, C17, C7, C39, C15, C25]",mutation,1,3,796.9993438820413,796.0,485.14056224899593
657,657,"[C8, C17, C7, C39, C15, C25]",mutation,1,3,459.99953372608616,459.0,682.6666666666665
658,658,"[C8, C17, C7, C39, C15, C25]",mutation,1,3,459.99919854416856,459.0,397.1637625680582
659,659,"[C8, C17, C7, C39, C15, C25]",mutation,1,3,459.999629255838,459.0,858.5698032368435
660,660,"[C8, C17, C7, C39, C15, C25]",mutation,1,3,835.9990450732063,835.0,333.3333333333332
661,661,"[C8, C17, C7, C39, C15, C25]",mutation,1,3,866.9801314756944,866.0,16.0
662,662,"[C8, C17, C7, C39, C15, C25]",mutation,1,3,866.9801314756944,866.0,16.0
663,663,"[C8, C17, C7, C39, C15, C25]",mutation,1,3,459.999629255838,459.0,858.5698032368435
664,664,"[C8, C17, C7, C39, C15, C25]",mutation,1,3,5565.999790546498,5565.0,1519.7160094021758
665,665,"[C8, C17, C7, C39, C15, C25]",mutation,1,3,1.910000099978277E7,1000000.0,1465.3284759165306
666,666,"[C8, C17, C7, C39, C15, C25]",mutation,1,3,767.9990888100666,767.0,349.33333333333326
667,667,"[C8, C17, C7, C39, C15, C25]",mutation,1,3,1.9100000999476336E7,1000000.0,607.8495667493618
668,668,"[C8, C17, C7, C39, C15, C25]",mutation,1,3,1076.997972722259,1076.0,157.0113339145597
669,669,"[C8, C17, C7, C39, C15, C25]",mutation,1,3,823.9989066412104,823.0,291.12916763039914
670,670,"[C8, C17, C7, C39, C15, C25]",mutation,1,3,878.9992482544867,878.0,423.4269293924465
671,671,"[C8, C17, C7, C39, C15, C25]",mutation,1,3,1.9100000999802407E7,1000000.0,1610.9299985780872
672,672,"[C8, C17, C7, C39, C15, C25]",mutation,1,3,806.9992469023053,806.0,422.66666666666663
673,673,"[C8, C17, C7, C39, C15, C25]",mutation,1,3,777.9991287159912,777.0,365.3333333333332
674,674,"[C8, C17, C7, C39, C15, C25]",mutation,1,3,835.9990450732063,835.0,333.3333333333332
675,675,"[C8, C17, C7, C39, C15, C25]",mutation,1,3,835.9990450732063,835.0,333.3333333333332
676,676,"[C8, C17, C7, C39, C15, C25]",mutation,1,3,866.9995580785856,866.0,720.2857142857142
677,677,"[C8, C17, C7, C39, C15, C25]",mutation,1,3,835.9994885442946,835.0,622.3600771987866
678,678,"[C8, C17, C7, C39, C15, C25]",mutation,1,3,866.9801314756944,866.0,16.0
679,679,"[C8, C17, C7, C39, C15, C25]",mutation,1,3,1.9100000999781344E7,1000000.0,1455.7659608710555
680,680,"[C8, C17, C7, C39, C15, C25]",mutation,1,3,878.9976886342234,878.0,137.71264367816093
681,681,"[C8, C17, C7, C39, C15, C25]",mutation,1,3,1.910000099927574E7,1000000.0,439.4962333291716
682,682,"[C8, C17, C7, C39, C15, C25]",mutation,1,3,835.9990450732063,835.0,333.3333333333332
683,683,"[C8, C17, C7, C39, C15, C25]",mutation,1,3,1.9100000998155E7,1000000.0,172.52380952380952
684,684,"[C8, C17, C7, C39, C15, C25]",mutation,1,3,866.9996903601306,866.0,1028.0
685,685,"[C8, C17, C7, C39, C15, C25]",mutation,1,3,835.9992172723494,835.0,406.66666666666663
686,686,"[C8, C17, C7, C39, C15, C25]",mutation,1,3,808.9933695032001,808.0,48.00000000000001
687,687,"[C8, C17, C7, C39, C15, C25]",mutation,1,3,835.9990450732063,835.0,333.3333333333332
688,688,"[C8, C17, C7, C39, C15, C25]",mutation,1,3,1.910000099887153E7,1000000.0,282.0714503591976
689,689,"[C8, C17, C7, C39, C15, C25]",mutation,1,3,777.9991287159912,777.0,365.3333333333332
690,690,"[C8, C17, C7, C39, C15, C25]",mutation,1,3,796.9997106274559,796.0,1100.0000000000002
691,691,"[C8, C17, C7, C39, C15, C25]",mutation,1,3,767.9990888100666,767.0,349.33333333333326
692,692,"[C8, C17, C7, C39, C15, C25]",mutation,1,3,1.910000099843254E7,1000000.0,203.07210458962032
693,693,"[C8, C17, C7, C39, C15, C25]",mutation,1,3,866.9979962771831,866.0,158.85714285714283
694,694,"[C8, C17, C7, C39, C15, C25]",mutation,1,3,1.9100000999687318E7,1000000.0,1017.9951055998946
695,695,"[C8, C17, C7, C39, C15, C25]",mutation,1,3,459.9994495157601,459.0,578.235571113128
696,696,"[C8, C17, C7, C39, C15, C25]",mutation,1,3,866.9996903601306,866.0,1028.0
697,697,"[C8, C17, C7, C39, C15, C25]",mutation,1,3,835.9992172723494,835.0,406.66666666666663
698,698,"[C8, C17, C7, C39, C15, C25]",mutation,1,3,459.999629255838,459.0,858.5698032368435
699,699,"[C8, C17, C7, C39, C15, C25]",mutation,1,3,459.9995894269502,459.0,775.2815481246222
700,700,"[C8, C17, C7, C39, C15, C25]",mutation,1,3,866.9801314756944,866.0,16.0
701,701,"[C8, C17, C7, C39, C15, C25]",avm,1,4,0.9998969576762164,0.0,3089.1177855565643
702,702,"[C8, C17, C7, C39, C15, C25]",avm,1,4,0.9998969576762164,0.0,3089.1177855565643
703,703,"[C8, C17, C7, C39, C15, C25]",avm,1,4,0.9999459494792403,0.0,5889.117785556564
704,704,"[C8, C17, C7, C39, C15, C25]",avm,1,4,0.9999459494792403,0.0,5889.117785556564
705,705,"[C8, C17, C7, C39, C15, C25]",avm,1,4,1.9100000999898553E7,1000000.0,3137.6393134949635
706,706,"[C8, C17, C7, C39, C15, C25]",avm,1,4,4659.9998985511575,4659.0,3137.6393134949635
707,707,"[C8, C17, C7, C39, C15, C25]",avm,1,4,12.999905521297533,12.0,3369.1177855565643
708,708,"[C8, C17, C7, C39, C15, C25]",avm,1,4,1.9100000999905523E7,1000000.0,3369.1177855565643
709,709,"[C8, C17, C7, C39, C15, C25]",avm,1,4,1.9100000999898564E7,1000000.0,3138.068834507613
710,710,"[C8, C17, C7, C39, C15, C25]",avm,1,4,42.9998985650436,42.0,3138.068834507613
711,711,"[C8, C17, C7, C39, C15, C25]",avm,1,4,0.9998976760282141,0.0,3110.8045325445187
712,712,"[C8, C17, C7, C39, C15, C25]",avm,1,4,0.9998976760282141,0.0,3110.8045325445187
713,713,"[C8, C17, C7, C39, C15, C25]",avm,1,4,0.9999459494792403,0.0,5889.117785556564
714,714,"[C8, C17, C7, C39, C15, C25]",avm,1,4,0.9999459494792403,0.0,5889.117785556564
715,715,"[C8, C17, C7, C39, C15, C25]",avm,1,4,0.9999477247945381,0.0,6089.117785556564
716,716,"[C8, C17, C7, C39, C15, C25]",avm,1,4,0.9999477247945381,0.0,6089.117785556564
717,717,"[C8, C17, C7, C39, C15, C25]",avm,1,4,0.9999477247945381,0.0,6089.117785556564
718,718,"[C8, C17, C7, C39, C15, C25]",avm,1,4,0.9999477247945381,0.0,6089.117785556564
719,719,"[C8, C17, C7, C39, C15, C25]",avm,1,4,1.9100000999897648E7,1000000.0,3109.9035749554114
720,720,"[C8, C17, C7, C39, C15, C25]",avm,1,4,56.999897646384355,56.0,3109.9035749554114
721,721,"[C8, C17, C7, C39, C15, C25]",avm,1,4,0.9999137165314608,0.0,3689.1177855565643
722,722,"[C8, C17, C7, C39, C15, C25]",avm,1,4,1.9100000999913715E7,1000000.0,3689.1177855565643
723,723,"[C8, C17, C7, C39, C15, C25]",avm,1,4,1.910000099989819E7,1000000.0,3126.507616065039
724,724,"[C8, C17, C7, C39, C15, C25]",avm,1,4,0.9998981899568409,0.0,3126.507616065039
725,725,"[C8, C17, C7, C39, C15, C25]",avm,1,4,0.9999477247945381,0.0,6089.117785556564
726,726,"[C8, C17, C7, C39, C15, C25]",avm,1,4,32.99994772479454,32.0,6089.117785556564
727,727,"[C8, C17, C7, C39, C15, C25]",avm,1,4,0.9999477247945381,0.0,6089.117785556564
728,728,"[C8, C17, C7, C39, C15, C25]",avm,1,4,0.9999477247945381,0.0,6089.117785556564
729,729,"[C8, C17, C7, C39, C15, C25]",avm,1,4,0.9999221568327129,0.0,4089.1177855565643
730,730,"[C8, C17, C7, C39, C15, C25]",avm,1,4,0.9999221568327129,0.0,4089.1177855565643
731,731,"[C8, C17, C7, C39, C15, C25]",avm,1,4,0.9999221568327129,0.0,4089.1177855565643
732,732,"[C8, C17, C7, C39, C15, C25]",avm,1,4,0.9999221568327129,0.0,4089.1177855565643
733,733,"[C8, C17, C7, C39, C15, C25]",avm,1,4,1.9100000999897886E7,1000000.0,3117.1627615224015
734,734,"[C8, C17, C7, C39, C15, C25]",avm,1,4,0.9998978847433977,0.0,3117.1627615224015
735,735,"[C8, C17, C7, C39, C15, C25]",avm,1,4,0.9999012211933642,0.0,3222.451118889897
736,736,"[C8, C17, C7, C39, C15, C25]",avm,1,4,1.910000099990122E7,1000000.0,3222.451118889897
737,737,"[C8, C17, C7, C39, C15, C25]",avm,1,4,1.910000099989978E7,1000000.0,3176.0743072956943
738,738,"[C8, C17, C7, C39, C15, C25]",avm,1,4,0.9998997788323358,0.0,3176.0743072956943
739,739,"[C8, C17, C7, C39, C15, C25]",avm,1,4,0.9999221568327129,0.0,4089.1177855565643
740,740,"[C8, C17, C7, C39, C15, C25]",avm,1,4,0.9999221568327129,0.0,4089.1177855565643
741,741,"[C8, C17, C7, C39, C15, C25]",avm,1,4,0.9999221568327129,0.0,4089.1177855565643
742,742,"[C8, C17, C7, C39, C15, C25]",avm,1,4,0.9999221568327129,0.0,4089.1177855565643
743,743,"[C8, C17, C7, C39, C15, C25]",avm,1,4,0.9998974886309757,0.0,3105.1177855565643
744,744,"[C8, C17, C7, C39, C15, C25]",avm,1,4,115.99989748863098,115.0,3105.1177855565643
745,745,"[C8, C17, C7, C39, C15, C25]",avm,1,4,0.9999221568327129,0.0,4089.1177855565643
746,746,"[C8, C17, C7, C39, C15, C25]",avm,1,4,115.99992215683271,115.0,4089.1177855565643
747,747,"[C8, C17, C7, C39, C15, C25]",avm,1,4,1.91000009998985E7,1000000.0,3136.1215635280846
748,748,"[C8, C17, C7, C39, C15, C25]",avm,1,4,122.99989850206092,122.0,3136.1215635280846
749,749,"[C8, C17, C7, C39, C15, C25]",avm,1,4,110.9999022325093,110.0,3255.7844522232317
750,750,"[C8, C17, C7, C39, C15, C25]",avm,1,4,1.9100000999902233E7,1000000.0,3255.7844522232317
751,751,"[C8, C17, C7, C39, C15, C25]",avm,1,4,1.910000099990044E7,1000000.0,3197.1637625680587
752,752,"[C8, C17, C7, C39, C15, C25]",avm,1,4,0.9999004399213046,0.0,3197.1637625680587
753,753,"[C8, C17, C7, C39, C15, C25]",avm,1,4,0.9999160885788123,0.0,3793.403499842279
754,754,"[C8, C17, C7, C39, C15, C25]",avm,1,4,0.9999160885788123,0.0,3793.403499842279
755,755,"[C8, C17, C7, C39, C15, C25]",avm,1,4,0.9999221568327129,0.0,4089.1177855565643
756,756,"[C8, C17, C7, C39, C15, C25]",avm,1,4,0.9999221568327129,0.0,4089.1177855565643
757,757,"[C8, C17, C7, C39, C15, C25]",avm,1,4,0.9999221568327129,0.0,4089.1177855565643
758,758,"[C8, C17, C7, C39, C15, C25]",avm,1,4,115.99992215683271,115.0,4089.1177855565643
759,759,"[C8, C17, C7, C39, C15, C25]",avm,1,4,4.999922156832713,4.0,4089.1177855565643
760,760,"[C8, C17, C7, C39, C15, C25]",avm,1,4,115.99992215683271,115.0,4089.1177855565643
761,761,"[C8, C17, C7, C39, C15, C25]",avm,1,4,1.9100000999899197E7,1000000.0,3157.7468439105714
762,762,"[C8, C17, C7, C39, C15, C25]",avm,1,4,0.999899197151869,0.0,3157.7468439105714
763,763,"[C8, C17, C7, C39, C15, C25]",avm,1,4,110.9999022325093,110.0,3255.7844522232317
764,764,"[C8, C17, C7, C39, C15, C25]",avm,1,4,1.9100000999902233E7,1000000.0,3255.7844522232317
765,765,"[C8, C17, C7, C39, C15, C25]",avm,1,4,1.910000099990151E7,1000000.0,3231.9749284137065
766,766,"[C8, C17, C7, C39, C15, C25]",avm,1,4,0.999901512269409,0.0,3231.9749284137065
767,767,"[C8, C17, C7, C39, C15, C25]",avm,1,4,0.9999221568327129,0.0,4089.1177855565643
768,768,"[C8, C17, C7, C39, C15, C25]",avm,1,4,0.9999221568327129,0.0,4089.1177855565643
769,769,"[C8, C17, C7, C39, C15, C25]",avm,1,4,0.9999221568327129,0.0,4089.1177855565643
770,770,"[C8, C17, C7, C39, C15, C25]",avm,1,4,0.9999221568327129,0.0,4089.1177855565643
771,771,"[C8, C17, C7, C39, C15, C25]",avm,1,4,0.9998979378407993,0.0,3118.7844522232313
772,772,"[C8, C17, C7, C39, C15, C25]",avm,1,4,0.9998979378407993,0.0,3118.7844522232313
773,773,"[C8, C17, C7, C39, C15, C25]",avm,1,4,144.99993981796297,144.0,5289.117785556564
774,774,"[C8, C17, C7, C39, C15, C25]",avm,1,4,0.9999398179629767,0.0,5289.117785556564
775,775,"[C8, C17, C7, C39, C15, C25]",avm,1,4,116.99989532487793,116.0,3040.931487963803
776,776,"[C8, C17, C7, C39, C15, C25]",avm,1,4,0.9998985403177482,0.0,3137.304083149324
777,777,"[C8, C17, C7, C39, C15, C25]",avm,1,4,110.9999089446498,110.0,3495.7844522232317
778,778,"[C8, C17, C7, C39, C15, C25]",avm,1,4,1.9100000999908946E7,1000000.0,3495.7844522232317
779,779,"[C8, C17, C7, C39, C15, C25]",avm,1,4,1.9100000999905773E7,1000000.0,3378.14452942202
780,780,"[C8, C17, C7, C39, C15, C25]",avm,1,4,0.9999057737541678,0.0,3378.14452942202
781,781,"[C8, C17, C7, C39, C15, C25]",avm,1,4,0.9999374733137737,0.0,5090.78445222323
782,782,"[C8, C17, C7, C39, C15, C25]",avm,1,4,0.9999374733137737,0.0,5090.78445222323
783,783,"[C8, C17, C7, C39, C15, C25]",avm,1,4,0.9999223846042665,0.0,4101.117785556564
784,784,"[C8, C17, C7, C39, C15, C25]",avm,1,4,0.9999223846042665,0.0,4101.117785556564
785,785,"[C8, C17, C7, C39, C15, C25]",mutation,1,4,796.9995841900248,796.0,765.5172413793102
786,786,"[C8, C17, C7, C39, C15, C25]",mutation,1,4,459.999629255838,459.0,858.5698032368435
787,787,"[C8, C17, C7, C39, C15, C25]",mutation,1,4,835.9990450732063,835.0,333.3333333333332
788,788,"[C8, C17, C7, C39, C15, C25]",mutation,1,4,2588.9997449024822,2588.0,1247.796610169492
789,789,"[C8, C17, C7, C39, C15, C25]",mutation,1,4,835.9998507922518,835.0,2133.333333333333
790,790,"[C8, C17, C7, C39, C15, C25]",mutation,1,4,0.9999086964512016,0.0,3486.2815481246225
791,791,"[C8, C17, C7, C39, C15, C25]",mutation,1,4,808.9933695032001,808.0,48.00000000000001
792,792,"[C8, C17, C7, C39, C15, C25]",mutation,1,4,835.9990450732063,835.0,333.3333333333332
793,793,"[C8, C17, C7, C39, C15, C25]",mutation,1,4,1.910000099973544E7,1000000.0,1203.1751412429376
794,794,"[C8, C17, C7, C39, C15, C25]",mutation,1,4,1.9100000999594055E7,1000000.0,784.1227461751492
795,795,"[C8, C17, C7, C39, C15, C25]",mutation,1,4,459.9994495157601,459.0,578.235571113128
796,796,"[C8, C17, C7, C39, C15, C25]",mutation,1,4,1.910000099975578E7,1000000.0,1303.3862249346114
797,797,"[C8, C17, C7, C39, C15, C25]",mutation,1,4,777.9991287159912,777.0,365.3333333333332
798,798,"[C8, C17, C7, C39, C15, C25]",mutation,1,4,847.9993179084307,847.0,466.6666666666665
799,799,"[C8, C17, C7, C39, C15, C25]",mutation,1,4,459.999629255838,459.0,858.5698032368435
800,800,"[C8, C17, C7, C39, C15, C25]",mutation,1,4,0.9999086964512016,0.0,3486.2815481246225
801,801,"[C8, C17, C7, C39, C15, C25]",mutation,1,4,459.9993027132486,459.0,456.49709590139156
802,802,"[C8, C17, C7, C39, C15, C25]",mutation,1,4,459.999629255838,459.0,858.5698032368435
803,803,"[C8, C17, C7, C39, C15, C25]",mutation,1,4,1.910000099965331E7,1000000.0,918.1386909817651
804,804,"[C8, C17, C7, C39, C15, C25]",mutation,1,4,796.9997066649178,796.0,1085.1405622489958
805,805,"[C8, C17, C7, C39, C15, C25]",mutation,1,4,796.9996545290766,796.0,921.3793103448274
806,806,"[C8, C17, C7, C39, C15, C25]",mutation,1,4,767.9990888100666,767.0,349.33333333333326
807,807,"[C8, C17, C7, C39, C15, C25]",mutation,1,4,0.9999086964512016,0.0,3486.2815481246225
808,808,"[C8, C17, C7, C39, C15, C25]",mutation,1,4,459.9994495157601,459.0,578.235571113128
809,809,"[C8, C17, C7, C39, C15, C25]",mutation,1,4,459.99975253487656,459.0,1286.2815481246225
810,810,"[C8, C17, C7, C39, C15, C25]",mutation,1,4,835.9997675439414,835.0,1369.3333333333333
811,811,"[C8, C17, C7, C39, C15, C25]",mutation,1,4,459.9997350128044,459.0,1201.2271458941862
812,812,"[C8, C17, C7, C39, C15, C25]",mutation,1,4,111.99992227002626,111.0,4095.072525004885
813,813,"[C8, C17, C7, C39, C15, C25]",mutation,1,4,835.9990450732063,835.0,333.3333333333332
814,814,"[C8, C17, C7, C39, C15, C25]",mutation,1,4,806.9992469023053,806.0,422.66666666666663
815,815,"[C8, C17, C7, C39, C15, C25]",mutation,1,4,796.9995841900248,796.0,765.5172413793102
816,816,"[C8, C17, C7, C39, C15, C25]",mutation,1,4,459.99953372608616,459.0,682.6666666666665
817,817,"[C8, C17, C7, C39, C15, C25]",mutation,1,4,835.9996589538239,835.0,933.3333333333337
818,818,"[C8, C17, C7, C39, C15, C25]",mutation,1,4,767.9990888100666,767.0,349.33333333333326
819,819,"[C8, C17, C7, C39, C15, C25]",mutation,1,4,835.9990450732063,835.0,333.3333333333332
820,820,"[C8, C17, C7, C39, C15, C25]",mutation,1,4,459.999629255838,459.0,858.5698032368435
821,821,"[C8, C17, C7, C39, C15, C25]",mutation,1,4,835.9990450732063,835.0,333.3333333333332
822,822,"[C8, C17, C7, C39, C15, C25]",mutation,1,4,777.9994321113896,777.0,560.5140562248996
823,823,"[C8, C17, C7, C39, C15, C25]",mutation,1,4,157352.99990719472,157352.0,3429.8680857951363
824,824,"[C8, C17, C7, C39, C15, C25]",mutation,1,4,851.9996903639728,851.0,1028.0127565134158
825,825,"[C8, C17, C7, C39, C15, C25]",mutation,1,4,835.9990450732063,835.0,333.3333333333332
826,826,"[C8, C17, C7, C39, C15, C25]",mutation,1,4,796.9993438820413,796.0,485.14056224899593
827,827,"[C8, C17, C7, C39, C15, C25]",mutation,1,4,459.9994495157601,459.0,578.235571113128
828,828,"[C8, C17, C7, C39, C15, C25]",mutation,1,4,835.9997299407722,835.0,1178.6666666666665
829,829,"[C8, C17, C7, C39, C15, C25]",mutation,1,4,0.9999086964512016,0.0,3486.2815481246225
830,830,"[C8, C17, C7, C39, C15, C25]",mutation,1,4,835.9990450732063,835.0,333.3333333333332
831,831,"[C8, C17, C7, C39, C15, C25]",mutation,1,4,798.9995067516043,798.0,645.3333333333334
832,832,"[C8, C17, C7, C39, C15, C25]",mutation,1,4,459.99953372608616,459.0,682.6666666666665
833,833,"[C8, C17, C7, C39, C15, C25]",mutation,1,4,796.9993633810765,796.0,499.9999999999999
834,834,"[C8, C17, C7, C39, C15, C25]",mutation,1,4,961.999640385082,961.0,885.1405622489958
835,835,"[C8, C17, C7, C39, C15, C25]",mutation,1,4,1.910000099992582E7,1000000.0,4290.876720809082
836,836,"[C8, C17, C7, C39, C15, C25]",mutation,1,4,767.9990888100666,767.0,349.33333333333326
837,837,"[C8, C17, C7, C39, C15, C25]",mutation,1,4,835.9990450732063,835.0,333.3333333333332
838,838,"[C8, C17, C7, C39, C15, C25]",mutation,1,4,459.9994495157601,459.0,578.235571113128
839,839,"[C8, C17, C7, C39, C15, C25]",mutation,1,4,796.9990450732063,796.0,333.33333333333326
840,840,"[C8, C17, C7, C39, C15, C25]",mutation,1,4,134183.99978125034,134183.0,1455.1329054263228
841,841,"[C8, C17, C7, C39, C15, C25]",mutation,1,4,835.9990450732063,835.0,333.3333333333332
842,842,"[C8, C17, C7, C39, C15, C25]",mutation,1,4,0.9999168779318012,0.0,3829.4268398946583
843,843,"[C8, C17, C7, C39, C15, C25]",mutation,1,4,459.9995361821081,459.0,686.2815481246222
844,844,"[C8, C17, C7, C39, C15, C25]",mutation,1,4,1676.9997583634733,1676.0,1317.3083944168293
845,845,"[C8, C17, C7, C39, C15, C25]",mutation,1,4,1.910000099983228E7,1000000.0,1897.859273179178
846,846,"[C8, C17, C7, C39, C15, C25]",mutation,1,4,767.9990888100666,767.0,349.33333333333326
847,847,"[C8, C17, C7, C39, C15, C25]",mutation,1,4,0.9999086964512016,0.0,3486.2815481246225
848,848,"[C8, C17, C7, C39, C15, C25]",mutation,1,4,1.9100000999770287E7,1000000.0,1385.6889872621964
849,849,"[C8, C17, C7, C39, C15, C25]",mutation,1,4,777.9997094265469,777.0,1095.4538152610444
850,850,"[C8, C17, C7, C39, C15, C25]",mutation,1,4,1.910000099948272E7,1000000.0,615.3560011624528
851,851,"[C8, C17, C7, C39, C15, C25]",mutation,1,4,777.9991287159912,777.0,365.3333333333332
852,852,"[C8, C17, C7, C39, C15, C25]",mutation,1,4,1195.9996818607842,1195.0,1000.5361312369098
853,853,"[C8, C17, C7, C39, C15, C25]",mutation,1,4,0.9999086964512016,0.0,3486.2815481246225
854,854,"[C8, C17, C7, C39, C15, C25]",mutation,1,4,0.9999004399213046,0.0,3197.1637625680587
855,855,"[C8, C17, C7, C39, C15, C25]",mutation,1,4,808.9933695032001,808.0,48.00000000000001
856,856,"[C8, C17, C7, C39, C15, C25]",mutation,1,4,777.9991287159912,777.0,365.3333333333332
857,857,"[C8, C17, C7, C39, C15, C25]",mutation,1,4,796.9996086355831,796.0,813.3333333333333
858,858,"[C8, C17, C7, C39, C15, C25]",mutation,1,4,796.9993438820413,796.0,485.14056224899593
859,859,"[C8, C17, C7, C39, C15, C25]",mutation,1,4,796.9993438820413,796.0,485.14056224899593
860,860,"[C8, C17, C7, C39, C15, C25]",mutation,1,4,835.9990450732063,835.0,333.3333333333332
861,861,"[C8, C17, C7, C39, C15, C25]",mutation,1,4,796.9996086355831,796.0,813.3333333333333
862,862,"[C8, C17, C7, C39, C15, C25]",mutation,1,4,929.9998267544332,929.0,1837.3333333333333
863,863,"[C8, C17, C7, C39, C15, C25]",mutation,1,4,0.9999128621980067,0.0,3652.94821479129
864,864,"[C8, C17, C7, C39, C15, C25]",mutation,1,4,111.99984794641674,111.0,2093.405858338218
865,865,"[C8, C17, C7, C39, C15, C25]",mutation,1,4,695.9995382892272,695.0,689.4135499147816
866,866,"[C8, C17, C7, C39, C15, C25]",mutation,1,4,796.9993438820413,796.0,485.14056224899593
867,867,"[C8, C17, C7, C39, C15, C25]",mutation,1,4,459.9993994718521,459.0,530.0492735203674
868,868,"[C8, C17, C7, C39, C15, C25]",mutation,1,4,767.9990888100666,767.0,349.33333333333326
869,869,"[C8, C17, C7, C39, C15, C25]",mutation,1,4,835.9980901636008,835.0,166.66666666666663
870,870,"[C8, C17, C7, C39, C15, C25]",mutation,1,4,1.9100000999498762E7,1000000.0,635.0476190476188
871,871,"[C8, C17, C7, C39, C15, C25]",mutation,1,4,835.9980901636008,835.0,166.66666666666663
872,872,"[C8, C17, C7, C39, C15, C25]",mutation,1,4,767.9990888100666,767.0,349.33333333333326
873,873,"[C8, C17, C7, C39, C15, C25]",mutation,1,4,835.9990450732063,835.0,333.3333333333332
874,874,"[C8, C17, C7, C39, C15, C25]",mutation,1,4,859.9995624987979,859.0,727.5629968550485
875,875,"[C8, C17, C7, C39, C15, C25]",mutation,1,4,459.9994495157601,459.0,578.235571113128
876,876,"[C8, C17, C7, C39, C15, C25]",mutation,1,4,806.9992469023053,806.0,422.66666666666663
877,877,"[C8, C17, C7, C39, C15, C25]",mutation,1,4,835.9990450732063,835.0,333.3333333333332
878,878,"[C8, C17, C7, C39, C15, C25]",mutation,1,4,796.9990450732063,796.0,333.33333333333326
879,879,"[C8, C17, C7, C39, C15, C25]",mutation,1,4,459.9998812612497,459.0,2680.758140078099
880,880,"[C8, C17, C7, C39, C15, C25]",mutation,1,4,859.9997287132309,859.0,1173.3333333333335
881,881,"[C8, C17, C7, C39, C15, C25]",mutation,1,4,1.9100000999903116E7,1000000.0,3285.4326173174222
882,882,"[C8, C17, C7, C39, C15, C25]",mutation,1,4,0.9999086964512016,0.0,3486.2815481246225
883,883,"[C8, C17, C7, C39, C15, C25]",mutation,1,4,459.9994495157601,459.0,578.235571113128
884,884,"[C8, C17, C7, C39, C15, C25]",mutation,1,4,0.9999086964512016,0.0,3486.2815481246225
885,885,"[C8, C17, C7, C39, C15, C25]",avm,1,5,0.9998969576762164,0.0,3089.1177855565643
886,886,"[C8, C17, C7, C39, C15, C25]",avm,1,5,0.9998969576762164,0.0,3089.1177855565643
887,887,"[C8, C17, C7, C39, C15, C25]",avm,1,5,0.9999459494792403,0.0,5889.117785556564
888,888,"[C8, C17, C7, C39, C15, C25]",avm,1,5,0.9999459494792403,0.0,5889.117785556564
889,889,"[C8, C17, C7, C39, C15, C25]",avm,1,5,1.9100000999898553E7,1000000.0,3137.6393134949635
890,890,"[C8, C17, C7, C39, C15, C25]",avm,1,5,4659.9998985511575,4659.0,3137.6393134949635
891,891,"[C8, C17, C7, C39, C15, C25]",avm,1,5,12.999905521297533,12.0,3369.1177855565643
892,892,"[C8, C17, C7, C39, C15, C25]",avm,1,5,1.9100000999905523E7,1000000.0,3369.1177855565643
893,893,"[C8, C17, C7, C39, C15, C25]",avm,1,5,1.9100000999898564E7,1000000.0,3138.068834507613
894,894,"[C8, C17, C7, C39, C15, C25]",avm,1,5,42.9998985650436,42.0,3138.068834507613
895,895,"[C8, C17, C7, C39, C15, C25]",avm,1,5,0.9998976760282141,0.0,3110.8045325445187
896,896,"[C8, C17, C7, C39, C15, C25]",avm,1,5,0.9998976760282141,0.0,3110.8045325445187
897,897,"[C8, C17, C7, C39, C15, C25]",avm,1,5,0.9999459494792403,0.0,5889.117785556564
898,898,"[C8, C17, C7, C39, C15, C25]",avm,1,5,0.9999459494792403,0.0,5889.117785556564
899,899,"[C8, C17, C7, C39, C15, C25]",avm,1,5,0.9999477247945381,0.0,6089.117785556564
900,900,"[C8, C17, C7, C39, C15, C25]",avm,1,5,0.9999477247945381,0.0,6089.117785556564
901,901,"[C8, C17, C7, C39, C15, C25]",avm,1,5,0.9999477247945381,0.0,6089.117785556564
902,902,"[C8, C17, C7, C39, C15, C25]",avm,1,5,0.9999477247945381,0.0,6089.117785556564
903,903,"[C8, C17, C7, C39, C15, C25]",avm,1,5,1.9100000999897648E7,1000000.0,3109.9035749554114
904,904,"[C8, C17, C7, C39, C15, C25]",avm,1,5,56.999897646384355,56.0,3109.9035749554114
905,905,"[C8, C17, C7, C39, C15, C25]",avm,1,5,0.9999137165314608,0.0,3689.1177855565643
906,906,"[C8, C17, C7, C39, C15, C25]",avm,1,5,1.9100000999913715E7,1000000.0,3689.1177855565643
907,907,"[C8, C17, C7, C39, C15, C25]",avm,1,5,1.910000099989819E7,1000000.0,3126.507616065039
908,908,"[C8, C17, C7, C39, C15, C25]",avm,1,5,0.9998981899568409,0.0,3126.507616065039
909,909,"[C8, C17, C7, C39, C15, C25]",avm,1,5,0.9999477247945381,0.0,6089.117785556564
910,910,"[C8, C17, C7, C39, C15, C25]",avm,1,5,32.99994772479454,32.0,6089.117785556564
911,911,"[C8, C17, C7, C39, C15, C25]",avm,1,5,0.9999477247945381,0.0,6089.117785556564
912,912,"[C8, C17, C7, C39, C15, C25]",avm,1,5,0.9999477247945381,0.0,6089.117785556564
913,913,"[C8, C17, C7, C39, C15, C25]",avm,1,5,0.9999221568327129,0.0,4089.1177855565643
914,914,"[C8, C17, C7, C39, C15, C25]",avm,1,5,0.9999221568327129,0.0,4089.1177855565643
915,915,"[C8, C17, C7, C39, C15, C25]",avm,1,5,0.9999221568327129,0.0,4089.1177855565643
916,916,"[C8, C17, C7, C39, C15, C25]",avm,1,5,0.9999221568327129,0.0,4089.1177855565643
917,917,"[C8, C17, C7, C39, C15, C25]",avm,1,5,1.9100000999897886E7,1000000.0,3117.1627615224015
918,918,"[C8, C17, C7, C39, C15, C25]",avm,1,5,0.9998978847433977,0.0,3117.1627615224015
919,919,"[C8, C17, C7, C39, C15, C25]",avm,1,5,0.9999012211933642,0.0,3222.451118889897
920,920,"[C8, C17, C7, C39, C15, C25]",avm,1,5,1.910000099990122E7,1000000.0,3222.451118889897
921,921,"[C8, C17, C7, C39, C15, C25]",avm,1,5,1.910000099989978E7,1000000.0,3176.0743072956943
922,922,"[C8, C17, C7, C39, C15, C25]",avm,1,5,0.9998997788323358,0.0,3176.0743072956943
923,923,"[C8, C17, C7, C39, C15, C25]",avm,1,5,0.9999221568327129,0.0,4089.1177855565643
924,924,"[C8, C17, C7, C39, C15, C25]",avm,1,5,0.9999221568327129,0.0,4089.1177855565643
925,925,"[C8, C17, C7, C39, C15, C25]",avm,1,5,0.9999221568327129,0.0,4089.1177855565643
926,926,"[C8, C17, C7, C39, C15, C25]",avm,1,5,0.9999221568327129,0.0,4089.1177855565643
927,927,"[C8, C17, C7, C39, C15, C25]",avm,1,5,0.9998974886309757,0.0,3105.1177855565643
928,928,"[C8, C17, C7, C39, C15, C25]",avm,1,5,115.99989748863098,115.0,3105.1177855565643
929,929,"[C8, C17, C7, C39, C15, C25]",avm,1,5,0.9999221568327129,0.0,4089.1177855565643
930,930,"[C8, C17, C7, C39, C15, C25]",avm,1,5,115.99992215683271,115.0,4089.1177855565643
931,931,"[C8, C17, C7, C39, C15, C25]",avm,1,5,1.91000009998985E7,1000000.0,3136.1215635280846
932,932,"[C8, C17, C7, C39, C15, C25]",avm,1,5,122.99989850206092,122.0,3136.1215635280846
933,933,"[C8, C17, C7, C39, C15, C25]",avm,1,5,110.9999022325093,110.0,3255.7844522232317
934,934,"[C8, C17, C7, C39, C15, C25]",avm,1,5,1.9100000999902233E7,1000000.0,3255.7844522232317
935,935,"[C8, C17, C7, C39, C15, C25]",avm,1,5,1.910000099990044E7,1000000.0,3197.1637625680587
936,936,"[C8, C17, C7, C39, C15, C25]",avm,1,5,0.9999004399213046,0.0,3197.1637625680587
937,937,"[C8, C17, C7, C39, C15, C25]",avm,1,5,0.9999160885788123,0.0,3793.403499842279
938,938,"[C8, C17, C7, C39, C15, C25]",avm,1,5,0.9999160885788123,0.0,3793.403499842279
939,939,"[C8, C17, C7, C39, C15, C25]",avm,1,5,0.9999221568327129,0.0,4089.1177855565643
940,940,"[C8, C17, C7, C39, C15, C25]",avm,1,5,0.9999221568327129,0.0,4089.1177855565643
941,941,"[C8, C17, C7, C39, C15, C25]",avm,1,5,0.9999221568327129,0.0,4089.1177855565643
942,942,"[C8, C17, C7, C39, C15, C25]",avm,1,5,115.99992215683271,115.0,4089.1177855565643
943,943,"[C8, C17, C7, C39, C15, C25]",avm,1,5,4.999922156832713,4.0,4089.1177855565643
944,944,"[C8, C17, C7, C39, C15, C25]",avm,1,5,115.99992215683271,115.0,4089.1177855565643
945,945,"[C8, C17, C7, C39, C15, C25]",avm,1,5,1.9100000999899197E7,1000000.0,3157.7468439105714
946,946,"[C8, C17, C7, C39, C15, C25]",avm,1,5,0.999899197151869,0.0,3157.7468439105714
947,947,"[C8, C17, C7, C39, C15, C25]",avm,1,5,110.9999022325093,110.0,3255.7844522232317
948,948,"[C8, C17, C7, C39, C15, C25]",avm,1,5,1.9100000999902233E7,1000000.0,3255.7844522232317
949,949,"[C8, C17, C7, C39, C15, C25]",avm,1,5,1.910000099990151E7,1000000.0,3231.9749284137065
950,950,"[C8, C17, C7, C39, C15, C25]",avm,1,5,0.999901512269409,0.0,3231.9749284137065
951,951,"[C8, C17, C7, C39, C15, C25]",avm,1,5,0.9999221568327129,0.0,4089.1177855565643
952,952,"[C8, C17, C7, C39, C15, C25]",avm,1,5,0.9999221568327129,0.0,4089.1177855565643
953,953,"[C8, C17, C7, C39, C15, C25]",avm,1,5,0.9999221568327129,0.0,4089.1177855565643
954,954,"[C8, C17, C7, C39, C15, C25]",avm,1,5,0.9999221568327129,0.0,4089.1177855565643
955,955,"[C8, C17, C7, C39, C15, C25]",avm,1,5,0.9998979378407993,0.0,3118.7844522232313
956,956,"[C8, C17, C7, C39, C15, C25]",avm,1,5,0.9998979378407993,0.0,3118.7844522232313
957,957,"[C8, C17, C7, C39, C15, C25]",avm,1,5,144.99993981796297,144.0,5289.117785556564
958,958,"[C8, C17, C7, C39, C15, C25]",avm,1,5,0.9999398179629767,0.0,5289.117785556564
959,959,"[C8, C17, C7, C39, C15, C25]",avm,1,5,116.99989532487793,116.0,3040.931487963803
960,960,"[C8, C17, C7, C39, C15, C25]",avm,1,5,0.9998985403177482,0.0,3137.304083149324
961,961,"[C8, C17, C7, C39, C15, C25]",avm,1,5,110.9999089446498,110.0,3495.7844522232317
962,962,"[C8, C17, C7, C39, C15, C25]",avm,1,5,1.9100000999908946E7,1000000.0,3495.7844522232317
963,963,"[C8, C17, C7, C39, C15, C25]",avm,1,5,1.9100000999905773E7,1000000.0,3378.14452942202
964,964,"[C8, C17, C7, C39, C15, C25]",avm,1,5,0.9999057737541678,0.0,3378.14452942202
965,965,"[C8, C17, C7, C39, C15, C25]",avm,1,5,0.9999374733137737,0.0,5090.78445222323
966,966,"[C8, C17, C7, C39, C15, C25]",avm,1,5,0.9999374733137737,0.0,5090.78445222323
967,967,"[C8, C17, C7, C39, C15, C25]",avm,1,5,0.9999223846042665,0.0,4101.117785556564
968,968,"[C8, C17, C7, C39, C15, C25]",avm,1,5,0.9999223846042665,0.0,4101.117785556564
969,969,"[C8, C17, C7, C39, C15, C25]",mutation,1,5,459.999715652486,459.0,1119.4393684542351
970,970,"[C8, C17, C7, C39, C15, C25]",mutation,1,5,459.9997459211733,459.0,1252.7994667585588
971,971,"[C8, C17, C7, C39, C15, C25]",mutation,1,5,0.9999086964512016,0.0,3486.2815481246225
972,972,"[C8, C17, C7, C39, C15, C25]",mutation,1,5,1.9100000999501362E7,1000000.0,638.3600771987866
973,973,"[C8, C17, C7, C39, C15, C25]",mutation,1,5,1077.9993713581027,1077.0,506.34466724789286
974,974,"[C8, C17, C7, C39, C15, C25]",mutation,1,5,825.9990888100666,825.0,349.33333333333326
975,975,"[C8, C17, C7, C39, C15, C25]",mutation,1,5,459.9995894269502,459.0,775.2815481246222
976,976,"[C8, C17, C7, C39, C15, C25]",mutation,1,5,459.9995894269502,459.0,775.2815481246222
977,977,"[C8, C17, C7, C39, C15, C25]",mutation,1,5,459.99919854416856,459.0,397.1637625680582
978,978,"[C8, C17, C7, C39, C15, C25]",mutation,1,5,0.9999122905170533,0.0,3629.1386909817647
979,979,"[C8, C17, C7, C39, C15, C25]",mutation,1,5,0.9999260979462077,0.0,4307.18585113389
980,980,"[C8, C17, C7, C39, C15, C25]",mutation,1,5,0.9999086964512016,0.0,3486.2815481246225
981,981,"[C8, C17, C7, C39, C15, C25]",mutation,1,5,2013.9996119110021,2013.0,820.1977643117374
982,982,"[C8, C17, C7, C39, C15, C25]",mutation,1,5,777.9994321113896,777.0,560.5140562248996
983,983,"[C8, C17, C7, C39, C15, C25]",mutation,1,5,777.9991287159912,777.0,365.3333333333332
984,984,"[C8, C17, C7, C39, C15, C25]",mutation,1,5,459.9996895254952,459.0,1025.2364699035102
985,985,"[C8, C17, C7, C39, C15, C25]",mutation,1,5,599.9996905511954,599.0,1028.6347244709314
986,986,"[C8, C17, C7, C39, C15, C25]",mutation,1,5,0.9999086964512016,0.0,3486.2815481246225
987,987,"[C8, C17, C7, C39, C15, C25]",mutation,1,5,0.9999166644049754,0.0,3819.614881457955
988,988,"[C8, C17, C7, C39, C15, C25]",mutation,1,5,777.9993736413998,777.0,508.190476190476
989,989,"[C8, C17, C7, C39, C15, C25]",mutation,1,5,1.91000009998481E7,1000000.0,2095.5367229410185
990,990,"[C8, C17, C7, C39, C15, C25]",mutation,1,5,0.9999164632973832,0.0,3810.419479159105
991,991,"[C8, C17, C7, C39, C15, C25]",mutation,1,5,12.999931437201347,12.0,4642.603387205083
992,992,"[C8, C17, C7, C39, C15, C25]",mutation,1,5,459.99953372608616,459.0,682.6666666666665
993,993,"[C8, C17, C7, C39, C15, C25]",mutation,1,5,777.9990422650465,777.0,332.3559659845292
994,994,"[C8, C17, C7, C39, C15, C25]",mutation,1,5,0.9999086964512016,0.0,3486.2815481246225
995,995,"[C8, C17, C7, C39, C15, C25]",mutation,1,5,4291.999911959747,4291.0,3615.503902789963
996,996,"[C8, C17, C7, C39, C15, C25]",mutation,1,5,1.9100000999503E7,1000000.0,640.4625009637323
997,997,"[C8, C17, C7, C39, C15, C25]",mutation,1,5,1909.999920853573,1909.0,4021.7845858787377
998,998,"[C8, C17, C7, C39, C15, C25]",mutation,1,5,459.999629255838,459.0,858.5698032368435
999,999,"[C8, C17, C7, C39, C15, C25]",mutation,1,5,111.99984794641674,111.0,2093.405858338218
1000,1000,"[C8, C17, C7, C39, C15, C25]",mutation,1,5,1.9100000999601122E7,1000000.0,798.011299435028
1001,1001,"[C8, C17, C7, C39, C15, C25]",mutation,1,5,1.910000099963237E7,1000000.0,865.8462784099361
1002,1002,"[C8, C17, C7, C39, C15, C25]",mutation,1,5,0.9999004399213046,0.0,3197.1637625680587
1003,1003,"[C8, C17, C7, C39, C15, C25]",mutation,1,5,738.9997024082601,738.0,1069.6190476190475
1004,1004,"[C8, C17, C7, C39, C15, C25]",mutation,1,5,796.9990450732063,796.0,333.33333333333326
1005,1005,"[C8, C17, C7, C39, C15, C25]",mutation,1,5,459.9997919817061,459.0,1530.2011900187006
1006,1006,"[C8, C17, C7, C39, C15, C25]",mutation,1,5,459.9994495157601,459.0,578.235571113128
1007,1007,"[C8, C17, C7, C39, C15, C25]",mutation,1,5,459.999629255838,459.0,858.5698032368435
1008,1008,"[C8, C17, C7, C39, C15, C25]",mutation,1,5,796.9990450732063,796.0,333.33333333333326
1009,1009,"[C8, C17, C7, C39, C15, C25]",mutation,1,5,777.9997094265469,777.0,1095.4538152610444
1010,1010,"[C8, C17, C7, C39, C15, C25]",mutation,1,5,0.9999128621980067,0.0,3652.94821479129
1011,1011,"[C8, C17, C7, C39, C15, C25]",mutation,1,5,459.999629255838,459.0,858.5698032368435
1012,1012,"[C8, C17, C7, C39, C15, C25]",mutation,1,5,1.9100000999912154E7,1000000.0,3623.539664832637
1013,1013,"[C8, C17, C7, C39, C15, C25]",mutation,1,5,0.9999086964512016,0.0,3486.2815481246225
1014,1014,"[C8, C17, C7, C39, C15, C25]",mutation,1,5,777.9991287159912,777.0,365.3333333333332
1015,1015,"[C8, C17, C7, C39, C15, C25]",mutation,1,5,777.9991287159912,777.0,365.3333333333332
1016,1016,"[C8, C17, C7, C39, C15, C25]",mutation,1,5,459.999629255838,459.0,858.5698032368435
1017,1017,"[C8, C17, C7, C39, C15, C25]",mutation,1,5,1.9100000999660198E7,1000000.0,936.7459207459207
1018,1018,"[C8, C17, C7, C39, C15, C25]",mutation,1,5,1.910000099991923E7,1000000.0,3940.9431776937454
1019,1019,"[C8, C17, C7, C39, C15, C25]",mutation,1,5,767.9990888100666,767.0,349.33333333333326
1020,1020,"[C8, C17, C7, C39, C15, C25]",mutation,1,5,0.9999086964512016,0.0,3486.2815481246225
1021,1021,"[C8, C17, C7, C39, C15, C25]",mutation,1,5,459.9994495157601,459.0,578.235571113128
1022,1022,"[C8, C17, C7, C39, C15, C25]",mutation,1,5,0.9999086964512016,0.0,3486.2815481246225
1023,1023,"[C8, C17, C7, C39, C15, C25]",mutation,1,5,459.9994495157601,459.0,578.235571113128
1024,1024,"[C8, C17, C7, C39, C15, C25]",mutation,1,5,0.9999086964512016,0.0,3486.2815481246225
1025,1025,"[C8, C17, C7, C39, C15, C25]",mutation,1,5,459.9994495157601,459.0,578.235571113128
1026,1026,"[C8, C17, C7, C39, C15, C25]",mutation,1,5,0.9999248576831985,0.0,4236.093506561326
1027,1027,"[C8, C17, C7, C39, C15, C25]",mutation,1,5,767.9990888100666,767.0,349.33333333333326
1028,1028,"[C8, C17, C7, C39, C15, C25]",mutation,1,5,459.99946941531965,459.0,599.9223181010797
1029,1029,"[C8, C17, C7, C39, C15, C25]",mutation,1,5,1.910000099991119E7,1000000.0,3584.1836460267195
1030,1030,"[C8, C17, C7, C39, C15, C25]",mutation,1,5,0.9999086964512016,0.0,3486.2815481246225
1031,1031,"[C8, C17, C7, C39, C15, C25]",mutation,1,5,777.9995787853652,777.0,755.6947791164662
1032,1032,"[C8, C17, C7, C39, C15, C25]",mutation,1,5,777.9997094265469,777.0,1095.4538152610444
1033,1033,"[C8, C17, C7, C39, C15, C25]",mutation,1,5,0.9999128621980067,0.0,3652.94821479129
1034,1034,"[C8, C17, C7, C39, C15, C25]",mutation,1,5,767.9990888100666,767.0,349.33333333333326
1035,1035,"[C8, C17, C7, C39, C15, C25]",mutation,1,5,459.9994495157601,459.0,578.235571113128
1036,1036,"[C8, C17, C7, C39, C15, C25]",mutation,1,5,459.9998125694472,459.0,1698.281548124622
1037,1037,"[C8, C17, C7, C39, C15, C25]",mutation,1,5,777.9994321113896,777.0,560.5140562248996
1038,1038,"[C8, C17, C7, C39, C15, C25]",mutation,1,5,291.9998307338336,291.0,1880.5285370317856
1039,1039,"[C8, C17, C7, C39, C15, C25]",mutation,1,5,459.9993027132486,459.0,456.49709590139156
1040,1040,"[C8, C17, C7, C39, C15, C25]",mutation,1,5,459.9994495157601,459.0,578.235571113128
1041,1041,"[C8, C17, C7, C39, C15, C25]",mutation,1,5,459.9994495157601,459.0,578.235571113128
1042,1042,"[C8, C17, C7, C39, C15, C25]",mutation,1,5,777.9998191949386,777.0,1760.514056224899
1043,1043,"[C8, C17, C7, C39, C15, C25]",mutation,1,5,459.99919854416856,459.0,397.1637625680582
1044,1044,"[C8, C17, C7, C39, C15, C25]",mutation,1,5,459.999629255838,459.0,858.5698032368435
1045,1045,"[C8, C17, C7, C39, C15, C25]",mutation,1,5,115.99990093568226,115.0,3213.1637625680587
1046,1046,"[C8, C17, C7, C39, C15, C25]",mutation,1,5,0.9999086964512016,0.0,3486.2815481246225
1047,1047,"[C8, C17, C7, C39, C15, C25]",mutation,1,5,818.9993405191352,818.0,482.6666666666665
1048,1048,"[C8, C17, C7, C39, C15, C25]",mutation,1,5,777.9991287159912,777.0,365.3333333333332
1049,1049,"[C8, C17, C7, C39, C15, C25]",mutation,1,5,459.99982656381843,459.0,1835.314014956679
1050,1050,"[C8, C17, C7, C39, C15, C25]",mutation,1,5,0.9999086964512016,0.0,3486.2815481246225
1051,1051,"[C8, C17, C7, C39, C15, C25]",mutation,1,5,459.9995585731544,459.0,721.0927139702708
1052,1052,"[C8, C17, C7, C39, C15, C25]",mutation,1,5,0.9999086964512016,0.0,3486.2815481246225
1053,1053,"[C8, C17, C7, C39, C15, C25]",mutation,1,5,459.999629255838,459.0,858.5698032368435
1054,1054,"[C8, C17, C7, C39, C15, C25]",mutation,1,5,830.9997323628269,830.0,1189.3333333333335
1055,1055,"[C8, C17, C7, C39, C15, C25]",mutation,1,5,777.9991287159912,777.0,365.3333333333332
1056,1056,"[C8, C17, C7, C39, C15, C25]",mutation,1,5,767.9997702287072,767.0,1385.3333333333333
1057,1057,"[C8, C17, C7, C39, C15, C25]",mutation,1,5,0.9999086964512016,0.0,3486.2815481246225
1058,1058,"[C8, C17, C7, C39, C15, C25]",mutation,1,5,50.99990577629352,50.0,3378.235571113128
1059,1059,"[C8, C17, C7, C39, C15, C25]",mutation,1,5,767.9990888100666,767.0,349.33333333333326
1060,1060,"[C8, C17, C7, C39, C15, C25]",mutation,1,5,459.9997350128044,459.0,1201.2271458941862
1061,1061,"[C8, C17, C7, C39, C15, C25]",mutation,1,5,1.9100000999758042E7,1000000.0,1315.5692219189143
1062,1062,"[C8, C17, C7, C39, C15, C25]",mutation,1,5,767.9990888100666,767.0,349.33333333333326
1063,1063,"[C8, C17, C7, C39, C15, C25]",mutation,1,5,459.99953372608616,459.0,682.6666666666665
1064,1064,"[C8, C17, C7, C39, C15, C25]",mutation,1,5,0.9999086964512016,0.0,3486.2815481246225
1065,1065,"[C8, C17, C7, C39, C15, C25]",mutation,1,5,0.9999086964512016,0.0,3486.2815481246225
1066,1066,"[C8, C17, C7, C39, C15, C25]",mutation,1,5,777.9991287159912,777.0,365.3333333333332
1067,1067,"[C8, C17, C7, C39, C15, C25]",mutation,1,5,767.9990888100666,767.0,349.33333333333326
1068,1068,"[C8, C17, C7, C39, C15, C25]",mutation,1,5,0.9999086964512016,0.0,3486.2815481246225
